HTML BRUT,Analyse FLippetracker,Mon constat
"<!DOCTYPE html> <!--location_2-6-0 w/ multi-language--> <html> <head> <title>UPS</title> <meta http-equiv=""Content-Type"" content=""text/html; charset=UTF-8""> <meta name=""viewport"" content=""width=device-width; initial-scale=1.0; maximum-scale=1.0; user-scalable=no;""> <meta http-equiv=""X-UA-Compatible"" content=""IE=edge""> <style type=""text/css""> * { -webkit-font-smoothing: antialiased; -moz-osx-font-smoothing: grayscale; } table, td { mso-table-lspace: 0pt; mso-table-rspace: 0pt; } img { -ms-interpolation-mode: bicubic; } img { border: 0; height: auto; line-height: 100%; outline: none; text-decoration: none; } table { border-collapse: collapse !important; } body { height: 100% !important; margin: 0 !important; padding: 0 !important; width: 100% !important; background-color: #ededed; } a[x-apple-data-detectors] { color: inherit !important; text-decoration: none !important; font-size: inherit !important; font-family: inherit !important; font-weight: inherit !important; line-height: inherit","carrier
""vinted_go""
(string)


createdAt
February 9, 2026 at 7:07:20 PM UTC+1
(timestamp)


labelUrl
null
(null)


lastEmailType
""unknown""
(string)


orderNumber
null
(null)


pickupAddress
null
(null)


pickupDeadline
February 2, 2026 at 1:00:00 AM UTC+1
(timestamp)


productDescription
null
(null)


productName
""Pantaloni embroidery h...""
(string)


provider
""gmail""
(string)


qrCode
""http://p.vintedgo.com/public/v1/qr_codes/1UW1AWL835456:E34300:9bc6b792c924fbd00a1d145c2b4fbb705352b985842902709764cc3cbcb5f2b9?email_code=VCARRIER_READY_FOR_PICKUP_REMINDER&amp;time=2026-01-29T12%3A37%3A56Z""
(string)


recipientName
""Amira Azzaz""
(string)


senderEmail
""no-reply@vinted.com""
(string)


senderName
null
(null)


sourceEmailId
""ve84MQcdDlonRhE4LNTo""
(string)


sourceName
""vinted""
(string)


sourceType
""platform""
(string)


status
""delivered""
(string)



statusHistory
(array)



0
(map)


emailType
""unknown""
(string)


sourceEmailId
""ve84MQcdDlonRhE4LNTo""
(string)


status
""delivered""
(string)


timestamp
February 9, 2026 at 7:07:20 PM UTC+1
(timestamp)


title
""Pantaloni embroidery h...""
(string)


trackingNumber
""985842902709764""
(string)


type
""purchase""
(string)


updatedAt
February 9, 2026 at 7:07:20 PM UTC+1
(timestamp)


userId
""3TsrGBvJR1QYPU7qItkHxcId03A3""
(string)


withdrawalCode
""E34300""","carrier
""ups""
(string)


createdAt
February 9, 2026 at 7:08:20 PM UTC+1
(timestamp)


labelUrl
null
(null)


lastEmailType
""unknown""
(string)


orderNumber
""order-radius""
(string)


pickupAddress
N&H
99 RUE DE LA REPUBLIQUE
OULLINS, 69600
FR


pickupDeadline
November 12, 2025 at 1:00:00 AM UTC+1
(timestamp)


productDescription
null
(null)


productName
""UPS""
(string)


provider
""gmail""
(string)


qrCode
null
(null)


recipientName
Mohamed Farjallah


senderEmail
""UPS <mcinfo@ups.com>""
(string)


senderName
""EBAY P-O UPS EVRY""
(string)


sourceEmailId
""cCUb6390qyZjCfZ5QUco""
(string)


sourceName
""ups""
(string)


sourceType
""carrier""
(string)


status
""delivered""
(string)



statusHistory
(array)



0
(map)


emailType
""unknown""
(string)


sourceEmailId
""cCUb6390qyZjCfZ5QUco""
(string)


status
""delivered""
(string)


timestamp
February 9, 2026 at 7:08:20 PM UTC+1
(timestamp)


title
""UPS""
(string)


trackingNumber
""1Z984RF96837763472""
(string)


type
""purchase""
(string)


updatedAt
February 9, 2026 at 7:08:20 PM UTC+1
(timestamp)


userId
""3TsrGBvJR1QYPU7qItkHxcId03A3""
(string)


withdrawalCode
null
(null)


Database location: eur3"
"<!DOCTYPE html>
<html>
<head>
  <meta charset=""UTF-8"">
  <meta name=""viewport"" content=""width=device-width, initial-scale=1.0"">
  <style>
      .main {
          font-family: 'Helvetica', Helvetica, 'Helvetica Neue', Arial, sans-serif;
          font-size: 16px;
          background-color: #f4f4f4;
          border-radius: 20px;
          margin: 0;
          padding: 10px;
      }

      .container {
          max-width: 600px;
          margin: auto;
          background-color: #fff;
          border-radius: 15px;
          overflow: hidden;
          box-shadow: 0 4px 6px rgba(0, 0, 0, 0.1);
      }

      .header {
          background-color: #004654;
          padding: 20px;
          font-size: 24px;
      }

      .content {
          padding: 20px;
      }

      .content h1 {
          font-size: 24px;
          font-weight: 700;
          margin: 30px 0 40px;
          color: #4A4A4A;
      }

      .content p {
          margin: 5px 0;
      }

      .img-div {
          text-align: center;
          width: 100%;
      }

      @media (min-width: 380px) {
          .img-div .qr-code {
              margin: 0 auto;
              background-color: #FeFeFe;
              border: 4px solid #003f4b;
              padding: 15px;
              border-radius: 20px;
              width: 250px;
          }
      }
      .vinted_color { color: #127078; font-weight: bold; }
      .background-2{
          background-color: #F2F3F2;
      }
      .img-div .qr-code{
          margin: 0 auto;
          background-color: #FeFeFe;
          border: 4px solid #003f4b;
          padding: 15px;
          border-radius: 20px;
          width: 250px;
      }

      .img-div img {
          display: inline-block;
          width: 70%;
          max-width: 300px;
      }

      @media (max-width: 768px) {
          .mobile-left {
          margin: 0 auto;
          text-align: left !important;
          }
      }
      .block-header {
        font-size:14px; font-weight: 300;
      }
</style>
  <link rel=""stylesheet"" href=""/mailer.css"">
</head>
<body><img src='https://www.vinted.fr//crm/email_open_track?email_code=VCARRIER_READY_FOR_PICKUP&hash=63d35df1cf0643ce6b896af6b6a1b63ce5823cf68b853fa96312587863fe07d0482dd13424719c87c8ed15b0d43ac165&correlation_id=1761423871597861-54ef2422-8a37-45c6b9' width=1 height=1 alt=''/>
<div class=""main"">
  <div class=""container"">
    <div class=""header"">
      <a href=""https://vintedgo.com"" target=""_blank"">
          <img src='https://vintedgo.com/assets/vinted-go-logo-white-email.png' alt='' style='width: 180px;'>
      </a>
    </div>
    <div class=""content"">
      <h1 style=""color: #004654; font-size: 24px; font-weight: 700; margin: 30px 0 40px;"">
  Bonjour Farjallah Mohamed,
</h1>

  <p>Ton colis <b>Vinted Go</b> est arrivé. Tu peux dès à présent le récupérer.</p>
<br>
<br>
<div style=""background:#F2F3F2; border-radius:10px; text-align:center; padding:24px; margin:0 0 16px 0; font-size: 14px;"">
  <div class=""block-header"" style=""margin-bottom:16px;"">
    À retirer avant le
  </div>
  <div style=""font-size:24px; font-weight:700; color:#222; margin-bottom:16px;"">
    <b>13/11/2025</b>
  </div>
  
   <div style=""font-size:12px; margin-bottom:16px;"">
    Nous le retournerons à l&#39;expéditeur si tu ne le récupères pas à temps.
  </div>
</div>
<div style=""background:#F2F3F2; border-radius:10px; text-align:center; padding:24px; margin:0 0 16px 0; font-size: 14px;"">
  <div class=""block-header"" style=""margin-bottom:16px;"">Adresse</div>
 <div style=""font-size:16px; font-weight:700; color:#222; margin-bottom:6px;"">
    <b>Consigne Vinted Go</b>
  </div>

  <div style=""font-size:16px; font-weight:700; color:#222; margin-bottom:16px;"">
    <b>
      Mg Laverie
    </b>
  </div>
  <div style=""font-size:16px; font-weight:700; color:#222; margin-bottom:2px;"">
    <b>
      <a target=""_blank"" href=""https://vintedgo.com/fr/carrier-locations?region=europe&amp;selected_point=106471"">50 Boulevard Emile Zola</a>
    </b>
    <br>
      <b><a target=""_blank"" href=""https://vintedgo.com/fr/carrier-locations?region=europe&amp;selected_point=106471"">Oullins</a></b>
  </div>
</div>

    <div style=""background:#F2F3F2; border-radius:10px; text-align:center; padding:24px; margin:0 0 16px 0; font-size: 14px;"">
    <div class=""block-header"" style=""margin-bottom:16px;"">Détails de la commande</div>
    <div style=""font-size:16px; font-weight:700; color:#222; margin-bottom:6px;"">
      <b>Basket nike<br>55.00 €</b>
    </div>
  </div>

  <div style=""background:#F2F3F2; border-radius:10px; text-align:center; padding:24px; margin:0 0 16px 0; font-size: 14px;"">
    <div class=""block-header"" style=""margin-bottom:16px;"">Horaires d&#39;ouverture</div>
    <div style=""font-size:16px; margin-bottom:6px; line-height: 22px;"">
          <div style=""padding: 4px;"">
            <b>Lundi–Dimanche</b>
            <p>
              06:00-22:00
            </p>
          </div>
    </div>
  </div>

<div style=""background:#F2F3F2; border-top-left-radius:10px; border-top-right-radius:10px; text-align:center; padding:24px; font-size: 14px;"">
  <div class='block-header' style="" margin-bottom:16px;"">Code de retrait</div>
  <div class=""img-div"" style=""margin-bottom:16px;"">
      <img alt=""QR code"" style=""border: 4px solid #003f4b; border-radius: 20px;"" src=""http://p.vintedgo.com/public/v1/qr_codes/1761423871597861:N35563:e41bcb2ac425e54a011c71adcd537ac00cc7a69e6ab05d3f7db825567686962e?email_code=VCARRIER_READY_FOR_PICKUP&amp;time=2025-11-07T14%3A28%3A14Z"" />
  </div>
</div>
<div style=""background:#F2F3F2; border-bottom-left-radius:10px; border-bottom-right-radius:10px; text-align:center; padding:0 24px 24px 24px; margin:0 0 16px 0; font-size: 14px;"">
  <div class='mobile-left' style=""font-size:14px;"">
    Scanne ce QR code pour récupérer ton colis ou saisis le code suivant : <b>N35563</b>
  </div>
</div>
<br>
<p>Numéro de suivi : <a target=""_blank"" href=""https://vintedgo.com/fr/tracking/1761423871597861"">1761423871597861</a></p>
<br>
<p><b>Besoin d'aide ?</b> N'hésite pas à consulter notre <a href='https://vintedgo.com/fr/faq' target='_blank'>site Web</a>.</p>
<br>
<p>L&#39;équipe Vinted Go</p>

    </div>
  </div>
</div>
</body>
</html>","carrier
""vinted_go""
(string)


createdAt
February 9, 2026 at 7:08:17 PM UTC+1
(timestamp)


labelUrl
null
(null)


lastEmailType
""unknown""
(string)


orderNumber
null
(null)


pickupAddress
null
(null)


pickupDeadline
November 13, 2025 at 1:00:00 AM UTC+1
(timestamp)


productDescription
null
(null)


productName
""Basket nike""
(string)


provider
""gmail""
(string)


qrCode
""http://p.vintedgo.com/public/v1/qr_codes/1761423871597861:N35563:e41bcb2ac425e54a011c71adcd537ac00cc7a69e6ab05d3f7db825567686962e?email_code=VCARRIER_READY_FOR_PICKUP&amp;time=2025-11-07T14%3A28%3A14Z""
(string)


recipientName
""Farjallah Mohamed""
(string)


senderEmail
""Vinted Go <no-reply@vinted.com>""
(string)


senderName
null
(null)


sourceEmailId
""rVVrNv6UlM5920rsquzL""
(string)


sourceName
""vinted""
(string)


sourceType
""platform""
(string)


status
""delivered""
(string)



statusHistory
(array)



0
(map)


emailType
""unknown""
(string)


sourceEmailId
""rVVrNv6UlM5920rsquzL""
(string)


status
""delivered""
(string)


timestamp
February 9, 2026 at 7:08:17 PM UTC+1
(timestamp)


title
""Basket nike""
(string)


trackingNumber
""1761423871597861""
(string)


type
""purchase""
(string)


updatedAt
February 9, 2026 at 7:08:17 PM UTC+1
(timestamp)


userId
""3TsrGBvJR1QYPU7qItkHxcId03A3""
(string)


withdrawalCode
""N35563""","""carrier
""""vinted_go""""
(string)


createdAt
February 9, 2026 at 7:08:17 PM UTC+1
(timestamp)


labelUrl
null
(null)


lastEmailType
""""unknown""""
(string)


orderNumber
null
(null)


pickupAddress
Nom de la plasse: Consigne Vinted Go
Mg Laverie
Adresse: 50 Boulevard Emile Zola
Oullins


pickupDeadline
November 13, 2025 at 1:00:00 AM UTC+1
(timestamp)


productDescription
null
(null)


productName
""""Basket nike""""
(string)


provider
""""gmail""""
(string)


qrCode
""""http://p.vintedgo.com/public/v1/qr_codes/1761423871597861:N35563:e41bcb2ac425e54a011c71adcd537ac00cc7a69e6ab05d3f7db825567686962e?email_code=VCARRIER_READY_FOR_PICKUP&amp;time=2025-11-07T14%3A28%3A14Z""""
(string)


recipientName
""""Farjallah Mohamed""""
(string)


senderEmail
""""Vinted Go <no-reply@vinted.com>""""
(string)


senderName
null
(null)


sourceEmailId
""""rVVrNv6UlM5920rsquzL""""
(string)


sourceName
""""vinted""""
(string)


sourceType
""""platform""""
(string)


status
""""delivered""""
(string)



statusHistory
(array)



0
(map)


emailType
""""unknown""""
(string)


sourceEmailId
""""rVVrNv6UlM5920rsquzL""""
(string)


status
""""delivered""""
(string)


timestamp
February 9, 2026 at 7:08:17 PM UTC+1
(timestamp)


title
""""Basket nike""""
(string)


trackingNumber
""""1761423871597861""""
(string)


type
""""purchase""""
(string)


updatedAt
February 9, 2026 at 7:08:17 PM UTC+1
(timestamp)


userId
""""3TsrGBvJR1QYPU7qItkHxcId03A3""""
(string)


withdrawalCode
""""N35563"""""""
"<html xmlns:soapenv=""http://schemas.xmlsoap.org/soap/envelope/"" xmlns:fo=""http://www.w3.org/1999/XSL/Format"" xmlns:msxsl=""urn:schemas-microsoft-com:xslt""><head><meta content=""text/html; charset=UTF-8"" http-equiv=""Content-Type""/><meta content=""width=device-width, initial-scale=1"" name=""viewport""/><style>
                @media screen and (max-width: 600px) {
                        img.logo {
                                display: none;
                        }
                }
                        .column {
                          width: 48%;
                          padding: 5px;
                        }
                        .left{
                                float:left;
                                }
                        .right{
                        float:right;
                        }
                        img {
                                max-width: 100%;
                                height: auto;
                        }
                        .text-block {
                        clear: both;
                        }
                .main-div {
                max-width:600px;
                margin: auto;
                }a:hover 
                                {
                                background-color: #E1F3FB;
                                }
                                
                </style></head><body><div class=""main-div"" style=""font-size:14px; font-family :Arial ; color :#434343 ;""><div><table border=""0"" cellspacing=""0"" width=""100%"" cellpadding=""0""><tr><td align=""left""><img src=""https://www.chronopost.fr/transport-express/jsp/jahia/templates/chronov4/webpro_templates/images/avisage/2clk_Chronopost_HEADER.png"" alt=""Le logo Chronopost""/></td><td align=""right""><img width=""50%"" src=""http://www.chronopost.fr/transport-express/jsp/jahia/templates/chronov4/webpro_templates/images/MAS/client_autodoc_se.png"" alt=""&#xA;&#x9;&#x9;&#x9;&#x9;&#x9;&#x9;&#x9;&#x9;   Le logo de votre expéditeur&#xA;&#x9;&#x9;&#x9;&#x9;&#x9;&#x9;&#x9;&#x9;""/></td></tr></table><br/><a target=""_blank"" href=""https://www.chronopost.fr/fr/application-mychronopost/telechargement""><img class=""logo"" src=""https://www.chronopost.fr/transport-express/jsp/jahia/templates/chronov4/webpro_templates/images/avisage/2clk_banniere_mas_ta.png"" alt=""La bannière du statut de votre colis"" width=""600px""/></a><a target=""_blank"" href=""https://www.chronopost.fr/fr/notre-engagement-responsable""><img class=""logo"" src=""https://www.chronopost.fr/transport-express/jsp/jahia/templates/chronov4/webpro_templates/images/avisage/Bandeau_RSE.png"" width=""600px""/></a><img height=""1"" src=""https://www.chronopost.fr/tagmail/tag.gif?CODE_APPLICATION=EAI&amp;NUMERO_COLIS=XG351371882JB&amp;ID=3372862229&amp;DATE_ENVOI=202512050947&amp;INFORMATION=MAS_ALL_TA,MULTI"" alt="""" width=""1""/><div class=""text-block""/></div><p align=""right"" style=""font-size:12px"">
                                        Ref commande : 154523269/190044505<br/></p><div><table align=""center"" border=""0"" cellspacing=""0"" width=""100%"" cellpadding=""0""><tr><td align=""left"" style=""padding-left:0"" nowrap=""nowrap"" width=""100px""><img style=""width:100% !important; height:auto; min-width:100px !important;"" title=""code sécurisé pour le livreur"" src=""cid:code-pin"" alt=""code sécurisé pour le livreur"" width=""100px""/></td><td align=""left"" style=""padding-left:10px""><strong><span style=""color:red;"">Indiquez le code sécurisé </span><span style=""color:#0060A2;font-size:25px"">050409</span></strong><br/><span style=""color:#0060A2""><strong>ou présentez ce QR code à votre livreur uniquement au moment de la remise du colis en main propre. Ce code est indispensable pour la livraison.</strong></span></td></tr></table></div><br/><p>Bonjour,</p>
                C'est le jour J, votre colis <strong>XG351371882JB</strong> expédié par <strong>AUTODOC</strong> est prêt à être livré.<br/>
                        Notre livreur prévoit de passer aujourd'hui entre <strong>14h05</strong> et <strong>16h05</strong>.<br/><br/><strong><p>
                                                                Vous serez absent ? <a href=""https://www.chronopost.fr/fclV2/authentification.html?numLt=XG351371882JB&amp;profil=DEST&amp;cc=91933&amp;type=MASMail&amp;lang=fr_FR""><u>Agissez dès maintenant sur votre livraison.</u></a></p></strong><!--[if mso]><a href=""https://www.chronopost.fr/fclV2/authentification.html?numLt=XG351371882JB&amp;profil=DEST&amp;cc=91933&amp;type=MASMail&amp;lang=fr_FR&amp;menu=CF58""><u>Compléter mon adresse</u></a><br/><a href=""https://www.chronopost.fr/fclV2/authentification.html?numLt=XG351371882JB&amp;profil=DEST&amp;cc=91933&amp;type=MASMail&amp;lang=fr_FR&amp;menu=CF52""><u>Modifier la date de livraison</u></a><br/><a href=""https://www.chronopost.fr/fclV2/authentification.html?numLt=XG351371882JB&amp;profil=DEST&amp;cc=91933&amp;type=MASMail&amp;lang=fr_FR&amp;menu=CF51""><u>Choisir un point de proximité</u></a><br/><a href=""https://www.chronopost.fr/fclV2/authentification.html?numLt=XG351371882JB&amp;profil=DEST&amp;cc=91933&amp;type=MASMail&amp;lang=fr_FR&amp;menu=""><u/></a><br/><![endif]--><![if !mso]><table align=""center"" border=""0"" cellspacing=""0"" width=""100%"" cellpadding=""0""><tr><td><table border=""0"" cellspacing=""10"" width=""100%"" cellpadding=""0""><tr><td style=""border: 2px solid #e6e7e8;font-size:14px;"" width=""100%""><a target=""_blank"" style=""font-family: Arial; color: #000000;text-decoration: none; padding: 5px 0%; display: inline-block; width:100%;touch-action:manipulation; cursor:pointer; white-space:nowrap; line-height:1.42857143; -webkit-user-select:none; -moz-user-select:none; -ms-user-select:none; user-select:none;"" href=""https://www.chronopost.fr/fclV2/authentification.html?numLt=XG351371882JB&amp;profil=DEST&amp;cc=91933&amp;type=MASMail&amp;lang=fr_FR&amp;menu=CF58""><table><tr><td align=""center"" width=""33%""><img src=""https://www.chronopost.fr/transport-express/jsp/jahia/templates/chronov4/webpro_templates/images/avisage/2clk_lieu.png"" alt="" ""/></td><td/><td style=""font-family: Arial; color: #000000;font-size:16px;padding-right:10"" width=""67%""> Compléter mon adresse</td></tr></table></a></td></tr><tr><td style=""border: 2px solid #e6e7e8;font-size:14px;"" width=""100%""><a target=""_blank"" style=""font-family: Arial; color: #000000;text-decoration: none; padding: 5px 0%; display: inline-block; width:100%;touch-action:manipulation; cursor:pointer; white-space:nowrap; line-height:1.42857143; -webkit-user-select:none; -moz-user-select:none; -ms-user-select:none; user-select:none;"" href=""https://www.chronopost.fr/fclV2/authentification.html?numLt=XG351371882JB&amp;profil=DEST&amp;cc=91933&amp;type=MASMail&amp;lang=fr_FR&amp;menu=CF52""><table><tr><td align=""center"" width=""33%""><img src=""https://www.chronopost.fr/transport-express/jsp/jahia/templates/chronov4/webpro_templates/images/avisage/2clk_date.png"" alt="" ""/></td><td/><td style=""font-family: Arial; color: #000000;font-size:16px;padding-right:10"" width=""67%""> Modifier la date de livraison</td></tr></table></a></td></tr><tr><td style=""border: 2px solid #e6e7e8;font-size:14px;"" width=""100%""><a target=""_blank"" style=""font-family: Arial; color: #000000;text-decoration: none; padding: 5px 0%; display: inline-block; width:100%;touch-action:manipulation; cursor:pointer; white-space:nowrap; line-height:1.42857143; -webkit-user-select:none; -moz-user-select:none; -ms-user-select:none; user-select:none;"" href=""https://www.chronopost.fr/fclV2/authentification.html?numLt=XG351371882JB&amp;profil=DEST&amp;cc=91933&amp;type=MASMail&amp;lang=fr_FR&amp;menu=CF51""><table><tr><td align=""center"" width=""33%""><img src=""https://www.chronopost.fr/transport-express/jsp/jahia/templates/chronov4/webpro_templates/images/avisage/2clk_point.png"" alt="" ""/></td><td/><td style=""font-family: Arial; color: #000000;font-size:16px;padding-right:10"" width=""67%""> Choisir un point de proximité</td></tr></table></a></td></tr><tr/></table></td></tr></table><![endif]><br/><table border=""0"" style=""font-family: Arial; color: #000000;font-size:14px;"" cellspacing=""0"" width=""100%"" cellpadding=""10""><tr><td bgcolor=""#e6e7e8""><strong>Adresse de livraison</strong></td></tr></table><table bgcolor=""#f4f4f4"" border=""0"" cellspacing=""0"" width=""100%"" cellpadding=""0""><tr><td style=""padding: 14px;font-family: Arial; color: #000000;font-size:14px;"" valign=""top"">Mohamed Farjallah <br/>34 Rue narcisse bertholey  <br/>69600 OULLINS<br/></td></tr></table><p>En cas d'absence, votre colis sera mis à disposition dans le point de retrait disponible à proximité de chez vous ou en agence Chronopost. Dans ce cas, vous en serez informé.</p><br/>Retrouvez le suivi de colis en <a href=""https://www.chronopost.fr/tracking-no-cms/suivi-page?listeNumerosLT=XG351371882JB&amp;langue=fr_FR&amp;zipCode=69600""><u>cliquant ici.</u></a><br/><br/><p>Une question ? <br/>
                                                                        Consulter <a href=""https://www.chronopost.fr/fr/aide/faq""><u>notre aide</u></a> en ligne        
                                                                <br/><br/>
                                                        A bientôt.<br/></p><div style=""background-color: #e6e7e8; text-align: center; padding: 10px; margin-bottom: 10px;""><a target=""_blank"" style=""margin-right: 20px;"" href=""https://play.google.com/store/apps/details?id=com.dpdgroup.chatbot.chronopost.prod""><img style=""vertical-align: middle; width: 127px; height: 40px;"" src=""https://www.chronopost.fr/transport-express/jsp/jahia/templates/chronov4/webpro_templates/images/avisage/google_play_icon.png""/></a><a target=""_blank"" href=""https://apps.apple.com/fr/app/mychronopost/id1625697829""><img style=""vertical-align: middle; width: 127px; height: 40px;"" src=""https://www.chronopost.fr/transport-express/jsp/jahia/templates/chronov4/webpro_templates/images/avisage/app_store_icon.png""/></a></div><table border=""0"" cellspacing=""0"" width=""100%"" cellpadding=""0""><tr><td align=""left""><img src=""https://www.chronopost.fr/transport-express/jsp/jahia/templates/chronov4/webpro_templates/images/avisage/2clk_Dpd_FOOTER.png"" alt=""Le logo DPD""/></td><td align=""right""><img src=""https://www.chronopost.fr/transport-express/jsp/jahia/templates/chronov4/webpro_templates/images/avisage/2clk_Chronopost_FOOTER.png"" alt=""Le logo Chronopost""/></td></tr></table><br/><p style=""font-size:9px; font-family :Arial; text-align: center;"">
                                        Cet e-mail est envoyé de façon automatique. Il n'est donc pas possible d'y répondre en retour.<br/></p><p style=""font-size:9px; font-family :Arial ; color :grey; text-align: center;"">
                                                © Chronopost 2020. Tous droits réservés.<br/>
                                                Chronopost SAS capital de 32 632 000 &#x20AC;, 3 Boulevard Romain Rolland 75014 Paris -- RCS Paris 383 960 135<br/><br/>
                                                CHRONOPOST traite vos données, transmises par votre expéditeur, pour vous informer sur la livraison de votre colis. <br/>
                                                En savoir plus sur la <a href=""https://www.chronopost.fr/fr/politique-informatique-et-libertes"">gestion de vos données</a> et <a href=""https://www.chronopost.fr/fr/exercice-des-droits-sur-les-donnees-personnelles"">vos droits</a>.<br/><br/>
                                                Toute demande relative à l'exécution de la prestation de transport doit être adressée au Service Client. <br/></p></div></body></html>","carrier
""chronopost""
(string)


createdAt
February 9, 2026 at 7:08:05 PM UTC+1
(timestamp)


labelUrl
null
(null)


lastEmailType
""pickup_ready""
(string)


orderNumber
null
(null)


pickupAddress
""Compléter mon adresse Modifier la date de livraison Choisir un point de proximité Compléter mon adresse Modifier la date de livraison Choisir un point de proximité Adresse de livraison Mohamed Farjallah 34 Rue narcisse bertholey 69600 OULLINS En cas d""
(string)


pickupDeadline
December 5, 2025 at 9:47:16 AM UTC+1
(timestamp)


productDescription
null
(null)


productName
null
(null)


provider
""gmail""
(string)


qrCode
null
(null)


recipientName
null
(null)


senderEmail
""Chronopost <avisage-ne-pas-repondre@chronopost.fr>""
(string)


senderName
null
(null)


sourceEmailId
""pARxXznH9NyTd8gTfTqk""
(string)


sourceName
""chronopost""
(string)


sourceType
""carrier""
(string)


status
""delivered""
(string)



statusHistory
(array)



0
(map)


emailType
""pickup_ready""
(string)


sourceEmailId
""pARxXznH9NyTd8gTfTqk""
(string)


status
""delivered""
(string)


timestamp
February 9, 2026 at 7:08:05 PM UTC+1
(timestamp)


title
""CHRONOPOST - XG35137188""
(string)


trackingNumber
""XG351371882JB""
(string)


type
""purchase""
(string)


updatedAt
February 9, 2026 at 7:08:05 PM UTC+1
(timestamp)


userId
""3TsrGBvJR1QYPU7qItkHxcId03A3""
(string)


withdrawalCode
null","carrier
""chronopost""
(string)


createdAt
February 9, 2026 at 7:08:05 PM UTC+1
(timestamp)


labelUrl
null
(null)


lastEmailType
""pickup_ready""
(string)


orderNumber
null
(null)


pickupAddress
34 Rue narcisse bertholey 69600 OULLINS, en gros c'es un email pour dire que le livreur va passer aujourd'hui et si vous n'etes pas là changer la livraison


pickupDeadline
December 5, 2025 at 9:47:16 AM UTC+1
(timestamp)


productDescription
null
(null)


productName
null
(null)


provider
""gmail""
(string)


qrCode
 y a bien un code qr, que je vois très bien


recipientName
Mohamed FArjallah, c'est mentionné juste après la livraison


senderEmail
""Chronopost <avisage-ne-pas-repondre@chronopost.fr>""
(string)


senderName
null
(null)


sourceEmailId
""pARxXznH9NyTd8gTfTqk""
(string)


sourceName
""chronopost""
(string)


sourceType
""carrier""
(string)


status
""delivered""
(string)



statusHistory
(array)



0
(map)


emailType
""pickup_ready""
(string)


sourceEmailId
""pARxXznH9NyTd8gTfTqk""
(string)


status
""delivered""
(string)


timestamp
February 9, 2026 at 7:08:05 PM UTC+1
(timestamp)


title
""CHRONOPOST - XG35137188""
(string)


trackingNumber
""XG351371882JB""
(string)


type
""purchase""
(string)


updatedAt
February 9, 2026 at 7:08:05 PM UTC+1
(timestamp)


userId
""3TsrGBvJR1QYPU7qItkHxcId03A3""
(string)


withdrawalCode
050409, y a bien un code à donner pour la livraison"
"<!DOCTYPEhtmlPUBLIC""-//W3C//DTDXHTML1.0Transitional//EN""""http://www.w3.org/TR/xhtml1/DTD/xhtml1-transitional.dtd""><htmlxmlns=""http://www.w3.org/1999/xhtml""><head><metahttp-equiv=""Content-Type""content=""text/html;charset=utf-8""/><!--[if!mso]><!--><metahttp-equiv=""X-UA-Compatible""content=""IE=edge""/><!--<![endif]--><metaname=""viewport""content=""width=device-width,initial-scale=1.0""/><linkrel=""preconnect""href=""https://fonts.googleapis.com""/><linkrel=""preconnect""href=""https://fonts.gstatic.com""crossorigin/><linkhref=""https://fonts.googleapis.com/css2?family=Barlow:wght@400;500;700&display=swap""rel=""stylesheet""/><linkhref=""https://fonts.googleapis.com/css2?family=Montserrat:wght@400;640&display=swap""rel=""stylesheet""/><title></title><styletype=""text/css"">*{-webkit-font-smoothing:antialiased;}body{margin:0;padding:0;min-width:100%;-webkit-font-smoothing:antialiased;mso-line-height-rule:exactly;}table{border-spacing:0;}img{border:0;}.wrapper{width:100%;table-layout:fixed;-webkit-text-size-adjust:100%;-ms-text-size-adjust:100%;}.webkit{max-width:640px;}.outer{margin:0auto;width:100%;max-width:640px;}.inner{padding:10px;}.one-column.contents{-webkit-font-smoothing:antialiased;}.two-column.column{width:100%;max-width:300px;display:inline-block;vertical-align:top;}.contents{width:100%;}.two-columnimg{width:100%;max-width:280px;height:auto;}@mediaonlyscreenand(max-width:599px),screenand(max-device-width:599px){.marg-mob{height:30px!important;line-height:30px!important;font-size:30px!important;}.marg-mob2{width:30px;}.marg-mob-3{padding:10px0!important;}.txt-mob{font-size:30px!important;line-height:32px!important;}.desktop-only{display:none;}.mobile-only{display:table;}.mb-padding-top-10{padding-top:10px;}.mb-padding-bottom-10{padding-bottom:10px;}.mb-padding-bottom-20{padding-bottom:20px;}}@mediaonlyscreenand(max-width:350px),screenand(max-device-width:350px){.marg-mob2{width:15px;}}@mediaonlyscreenand(min-width:600px),screenand(min-device-width:600px){.mb-applocker{padding-left:30px!important;padding-right:0!important}.desktop-only{display:table;}.mobile-only{display:none;}}</style><!--[if(gtemso9)|(IE)]><styletype=""text/css"">table{border-collapse:collapse!important;}</style><![endif]--><!--[ifmso]><styletype=""text/css"">body,tabletr,tabletd,a,span,table.MsoNormalTable{font-family:Arial,Helvetica,sans-serif!important;}</style><![endif]--></head><!--=======ENDCSS/HEAD=======--><!--=======STARTHEADER=======--><bodystyle=""margin:0;padding-top:0;padding-bottom:0;padding-right:0;padding-left:0;min-width:100%;""><imgalt=""""src=""https://tracking.network1.pickup.fr/tracking/1/open/qN5_z-oGwkWaINNoMh6aWGQQ__llkoOn-9v2mxjsRHiT00nPMUXShK9PMLZiTeGyhOruKIRudaag-FhGApo9e7Kf6xt1bQZ8GMVhLl4doia44i7_REsRR_f4Se0_k8FoiIpJf4WJWjCwB008wwPoo3OcVh6gPkNREWMX8Q_Den3Crhn2Slsg6RH-QSHkHEA-rOQjMKcFXf5cFV5pyDHGdqVu57ozZs8h1zhIg9wtLjgBqJc9nWHPa02v0mA5kMc_gYdgAJN91ZH83_xgGKQymYVOyo8pwxZta9DTU2ZZWMlmX3VKxSRylrFybPav77QBvqiPo6M7bysN3gV8SipD3PjG1wCYgaz7QFrHhQB9FqNv5cOQoqRgBEm9-IjUOKs4gVu1OPqPJzdJYtxMUAFpFoJ-yP-frfU1X3rCYnjGihP9OcRvYcsaK-EuaxPr6S9_oK9w6HfaI-OjRsWhpqfdi1DYCc7jQeuxRY4hEamWuKC0xXJEGpv9OIR_DLB-8zz9oyrVRf6MjaDOXBNZERmWp02jImaiq8jdqceaw6dBAUHNIrw5l6_KsTCdbQYPcv0fuBQM9Yla1F6tg4l803kpJ7oAB8JB4uxVNUN7o7XOhNc=""width=""1""height=""1""><centerclass=""wrapper""style=""width:100%;table-layout:fixed;-webkit-text-size-adjust:100%;-ms-text-size-adjust:100%;background-color:#F6F6F6;""><tablewidth=""100%""cellpadding=""0""cellspacing=""0""border=""0""style=""background-color:#F6F6F6;""bgcolor=""#F6F6F6;""><tr><tdwidth=""100%""><divclass=""webkit""style=""max-width:640px;margin:0auto;""><!--[if(gtemso9)|(IE)]><tablewidth=""640""align=""center""cellpadding=""0""cellspacing=""0""border=""0""style=""border-spacing:0;font-family:Calibri,sans-serif;color:#333333;""><tr><tdstyle=""padding-top:0;padding-bottom:0;padding-right:0;padding-left:0;""><![endif]--><!--=======startmainbody=======--><tableclass=""outer""align=""center""cellpadding=""0""cellspacing=""0""border=""0""style=""border-spacing:0;margin:0auto;width:100%;max-width:640px;""bgcolor=""#F6F6F6""><tr><tdstyle=""padding-top:0;padding-bottom:0;padding-right:0;padding-left:0;""><tableborder=""0""width=""100%""cellpadding=""0""cellspacing=""0""bgcolor=""#F6F6F6""><tr><tdstyle=""background-color:#F6F6F6;""bgcolor=""#F6F6F6""><tableborder=""0""cellpadding=""0""cellspacing=""0""width=""100%""style=""border-spacing:0;background-color:#F6F6F6;border-radius:0px!important;""bgcolor=""#F6F6F6""><tr><tdheight=""20""width=""100%""style=""font-size:20px;line-height:20px;border-radius:0px!important;"">&nbsp;</td></tr></table><tableborder=""0""cellpadding=""0""cellspacing=""0""width=""100%""style=""border-spacing:0;font-family:'Montserrat',Arial,sans-serif;""><tr><tdwidth=""20""></td><tdstyle=""font-family:'Montserrat',Arial,sans-serif;font-size:14px;color:#706F6F;line-height:16px;text-align:center;"">Sicemessagenes'affichepascorrectement,<ahref=""https://tracking.network1.pickup.fr/tracking/1/click/q1NoGxWZJkq2iGRTJyhFRhIDbIyzxWTc_VwABAhL5d2Z2aTueZkZ-DykbwX421sNMuwRI8_XCdvPylEsj0TRXyFS1jidP4fF8IqrgHXQuMgfM5fmB3xQJeNrSFbnYV-6qse8cr92eaxOST6DR8_2wb5c0nPG4wEj4IggCv_VUT4NRHZpJVaQi7bfQgcAAkDwcph6nZK4kYMUMqAd9b6YGb2VfXCaJYbeCfBQq1SmcGq91mjGdzDxiNB54zafxJXPzO5L1AYkM3eqCbeG8fVjjG8tEGP_CevzJI23_DA_R_3F2aCeJYXH7xyJAsPCTLBQr5j2MVlatPGH7LGh9xm91MRj4PLKSYfMV2hgf4SSfnZv1ZvyvX5p03KgS0pb0CdSI5Y6f4QRuZZNM5ntfYEpMDx_Q0eM0V1rZbJDQ993jVxgfnTfTidRs-CxSbdjXw8b-J91m0163h17rkJYBOGnFUYKCzlmxFLAqD7A9AbnKv5N1_biTGbwqQ66cY_rQ1H4geMTrQlJYOkBrGCPJdouAQdhS5mnQLKK8Kf9OJ9u5pwuQBcVDHlvJqnzmCWXQDRIOyvnnvo5IPP_bJ3nFcoHDTNpmTnudktIr6UVXPYz2DXtvd6yxoq6eVlK19tBXurD""target=""_blank""style=""text-decoration:underline;color:#706F6F;"">cliquezici</a>.</td><tdwidth=""20""></td></tr></table><tableborder=""0""cellpadding=""0""cellspacing=""0""width=""100%""style=""border-spacing:0;background-color:#F6F6F6;border-radius:0px!important;""bgcolor=""#F6F6F6""><tr><tdheight=""20""width=""100%""style=""font-size:20px;line-height:20px;border-radius:0px!important;"">&nbsp;</td></tr></table></td></tr></table><!--=======ENDHEADER=======--><!--=======STARTLOGOS=======--><!--=======STARTLOGOS=======--><tableclass=""one-column""border=""0""cellpadding=""0""cellspacing=""0""width=""100%""style=""border-spacing:0;max-width:640px;background-color:#E6E7E8;border-top-left-radius:20px;border-top-right-radius:20px;""bgcolor=""#E6E7E8""><tr><tdclass=""marg-mob2""width=""40""></td><td><tableborder=""0""cellpadding=""0""cellspacing=""0""width=""100%""style=""border-spacing:0;""><tr><tdclass=""marg-mob""height=""40""width=""100%""style=""font-size:20px;line-height:20px;"">&nbsp;</td></tr></table><tableborder=""0""cellpadding=""0""cellspacing=""0""width=""100%""style=""border-spacing:0;""><tr><tdalign=""left""><imgsrc=""https://avn-webexternal.azureedge.net/avn-prod/LOGO_CHR_PICKUP""width=""131""alt=""Logo""style=""max-width:131px;width:131px;padding-right:10px;""/></td><tdalign=""right""><imgsrc=""""width=""131""alt=""Logo""style=""display:none!important;max-width:131px;width:131px;padding-left:10px;""/></td></tr></table><tableborder=""0""cellpadding=""0""cellspacing=""0""width=""100%""style=""border-spacing:0;background-color:#E6E7E8;border-radius:0px!important;""bgcolor=""#E6E7E8""><tr><tdheight=""40""width=""100%""style=""font-size:40px;line-height:40px;border-radius:0px!important;"">&nbsp;</td></tr></table><!--=======ENDLOGOS=======--><!--=======ENDLOGOS=======--><!--=======STARTINTRO=======--><tableborder=""0""cellpadding=""0""cellspacing=""0""width=""100%""style=""border-spacing:0;font-family:'Montserrat',Arial,sans-serif;""><tr><tdclass=""txt-mob""style=""width:100%;font-family:'Montserrat',Arial,sans-serif;font-size:32px;color:#414042;line-height:34px;font-weight:400;text-align:left;"">VotrecolisCHRONOPOSTestdisponibledansvotrerelaisparticulier</td></tr></table><tableborder=""0""cellpadding=""0""cellspacing=""0""width=""100%""style=""border-spacing:0;background-color:#E6E7E8;border-radius:0px!important;""bgcolor=""#E6E7E8""><tr><tdheight=""40""width=""100%""style=""font-size:40px;line-height:40px;border-radius:0px!important;"">&nbsp;</td></tr></table></td><tdclass=""marg-mob2""width=""40""></td></tr></table><!--=======ENDINTRO=======--><!--=======STARTPEAK=======--><!-----PEAKPERIOD-------><tablecellpadding=""0""cellspacing=""0""border=""0""class=""contents""style=""border-spacing:0;width:100%;font-family:'Montserrat',Arial,sans-serif;background-color:#009BDE;""bgcolor=""#009BDE""><tr><tdwidth=""60""style=""text-align:center;padding:20px;vertical-align:middle;""><imgsrc=""https://avn-webexternal.azureedge.net/avn-prod/PEAKPERIOD_WHITE""width=""42""alt=""""style=""border-width:0;margin:0auto;""/></td><tdstyle=""font-family:'Montserrat',Arial,sans-serif;font-size:16px;color:#ffffff;line-height:19px;text-align:left;font-weight:500;padding:20px20px20px0;"">Àl’approchedesfêtesdefind’année,l’activitécolisbatsonplein&nbsp;!Nousvousinvitonsdoncàretirervoscolisdèsquepossible.<br/>Pensezégalementàvérifierci-dessoussivotrerelaisPickupestencongésentreNoëletlejourdel’an&nbsp;!</td></tr></table><!--=======ENDPEAK=======--><!--=======STARTHELLO=======--><tableborder=""0""cellpadding=""0""cellspacing=""0""width=""100%""style=""border-spacing:0;background-color:#FFFFFF;border-radius:0px!important;""bgcolor=""#FFFFFF""><tr><tdheight=""40""width=""100%""style=""font-size:40px;line-height:40px;border-radius:0px!important;"">&nbsp;</td></tr></table><tableclass=""one-column""border=""0""cellpadding=""0""cellspacing=""0""width=""100%""style=""border-spacing:0;background-color:#ffffff;font-family:'Montserrat',Arial,sans-serif;""bgcolor=""#ffffff""><tr><tdclass=""marg-mob2""width=""40""></td><tdstyle=""font-family:'Montserrat',Arial,sans-serif;font-size:16px;color:#414042;line-height:19px;text-align:left;font-weight:400;"">BonjourFarjallahMohamed&nbsp;!<br/><br/>VotrecolisCHRONOPOSTn&deg;&nbsp;<atarget=""_blank""style=""text-decoration:underline;color:#414042""href=""https://tracking.network1.pickup.fr/tracking/1/click/AmhQ3Y_aAQ4Xs2y5pgdnUToDj4hQkGuB_CCbRldz-IVuSjZue62QchksCTYcW6FQMAvjZYomZ-l_-gJzpcndvaGHZ7rS1ESoOjHAckj5D5Nrk1IBTJeiQKO581v10yXkU-zCeBOEVT2WUmJD57PVcUax9NIfCBtr5EX8POqkBJ5iVar12lUbPs9f7u63TtWVwR2_u5nkQcdFzSUY8y8yW09L65qa9VCYJ8Zt-oXPvJYHm4cOMscsLkLNwPBhFcKDVG83SCPx5ruF9hBtlWqwStjJLdXBUX2WYkH3V4jy5UOovRk4Hof7ZbI6g3sBr2qBKrwdBV1WTijc3mpjJkjKID4TFYqnHvWVNREdYfK2dT6OFXHkDqasFQ8C8p581vz6EsBms2MrRHWW-OciAgdnRHZFQ1eVaeMRNb169VmUfD1ymdhv1TV9LOTq1UsihJEcL1-mVVX_3u4CvsFXm2FZZPPNDHIkb4npqHwgNAb6oCwbIcI5t75mple_8zbivASlx5vyoE-QaY9npdz8Dg-tA_-8S85YL671_9VqomKQaMdkkON0IAWw-8gEiT9fzM5FCXRmq-jh00mvH44o8kwYi-3_q0WMkU0D85vmgFTIwNSCn0X9aJFvLx1vH8BcVFzy"">XG346820932JB</a>estdisponibleenRelaisParticulierchezTallonejusqu'au<strong>mardi25novembre2025</strong>.Passécettedate,ilserarenvoyé&#224;sonexpéditeur.<!--=======LECLERC=======--><!--=======VIP=======--><!--=======SHOP2SHOP=======--></td><tdclass=""marg-mob2""width=""40""></td></tr></table><!--=======ENDHELLO=======--><!--=======STARTDIVERTED=======--><!--=======ENDHELLO=======--><!--=======STARTPROCESS=======--><!--STARTPROCESS--><!--STARTPICKUPPASS--><tableborder=""0""cellpadding=""0""cellspacing=""0""width=""100%""style=""border-spacing:0;background-color:#FFFFFF;border-radius:0px!important;""bgcolor=""#FFFFFF""><tr><tdheight=""17""width=""100%""style=""font-size:17px;line-height:17px;border-radius:0px!important;"">&nbsp;</td></tr></table><tablealign=""center""class=""one-column""border=""0""cellpadding=""0""cellspacing=""0""width=""100%""style=""border-spacing:0;background-color:#ffffff;""bgcolor=""#ffffff""><tr><td><tablewidth=""320""align=""center""class=""one-column""border=""0""cellpadding=""0""cellspacing=""0""style=""border-spacing:0;background-color:#ffffff;max-width:320px;width:100%;""bgcolor=""#ffffff""><tralign=""center""><tdclass=""marg-mob2""width=""40""></td><tdwidth=""320""><imgsrc=""https://avisageng-colis-webexternal.pickup-services.com/api/barcode/AztecCode?d=PICKUPPASS:2.00:FR75938;XG346820932JB;;;;;;;;;;;;;;;;;;;;H;;;;;;692416""width=""300""alt=""QRcode""style=""max-width:300px;width:100%;""/></td><tdclass=""marg-mob2""width=""40""></td></tr></table></td></tr></table><tableborder=""0""cellpadding=""0""cellspacing=""0""width=""100%""style=""border-spacing:0;background-color:#FFFFFF;border-radius:0px!important;""bgcolor=""#FFFFFF""><tr><tdheight=""10""width=""100%""style=""font-size:10px;line-height:10px;border-radius:0px!important;"">&nbsp;</td></tr></table><!--ENDPICKUPPASS--><!--STARTPINCODE--><tablealign=""center""class=""one-column""border=""0""cellpadding=""0""cellspacing=""0""width=""100%""style=""border-spacing:0;background-color:#ffffff;""bgcolor=""#ffffff""><tr><td><tablewidth=""100%""align=""center""class=""one-column""border=""0""cellpadding=""0""cellspacing=""0""style=""border-spacing:0;background-color:#ffffff;max-width:230px;width:100%;""bgcolor=""#ffffff""><tralign=""center""><tdstyle=""font-family:'Montserrat',Arial,sans-serif;font-size:18px;line-height:16px;color:#414042;text-align:center;font-weight:500;border-top:4pxsolid#F2F3F5;padding-top:10px;""><text>Codederetrait<br/><br/><spanstyle=""font-weight:500;font-size:30px;letter-spacing:4px;"">692416</span></text></td></tr></table></td></tr></table><tableborder=""0""cellpadding=""0""cellspacing=""0""width=""100%""style=""border-spacing:0;background-color:#FFFFFF;border-radius:0px!important;""bgcolor=""#FFFFFF""><tr><tdheight=""40""width=""100%""style=""font-size:40px;line-height:40px;border-radius:0px!important;"">&nbsp;</td></tr></table><!--ENDPINCODE--><!--STARTMESSAGE--><tableclass=""one-column""border=""0""cellpadding=""0""cellspacing=""0""width=""100%""style=""border-spacing:0;max-width:640px;background-color:#ffffff;""bgcolor=""#ffffff;""><tr><tdclass=""marg-mob2""width=""40""></td><td><tableclass=""one-column""border=""0""cellpadding=""0""cellspacing=""0""width=""100%""style=""border-spacing:0;max-width:560px;background-color:#009adf;border-radius:20px;""bgcolor=""#009adf;""><tr><tdclass=""marg-mob2""width=""40""></td><td><tableborder=""0""cellpadding=""0""cellspacing=""0""width=""100%""style=""border-spacing:0;background-color:#009adf;border-radius:0px!important;""bgcolor=""#009adf""><tr><tdheight=""20""width=""100%""style=""font-size:20px;line-height:20px;border-radius:0px!important;"">&nbsp;</td></tr></table><tableborder=""0""cellpadding=""0""cellspacing=""0""width=""100%""style=""border-spacing:0;font-family:'Montserrat',Arial,sans-serif;""><tr><tdstyle=""width:100%;font-family:'Montserrat',Arial,sans-serif;font-size:16px;color:#ffffff;line-height:19px;font-weight:500;text-align:center;"">Pourretirervotrecolis,présentezle<strong>PickupPass</strong><brclass=""desktop-only"">oucommuniquezvotrecodederetraitci-dessus.<br/><br/>Ainsi,plusbesoindepièced'identité&nbsp;!</td></tr></table><tableborder=""0""cellpadding=""0""cellspacing=""0""width=""100%""style=""border-spacing:0;background-color:#009adf;border-radius:0px!important;""bgcolor=""#009adf""><tr><tdheight=""20""width=""100%""style=""font-size:20px;line-height:20px;border-radius:0px!important;"">&nbsp;</td></tr></table></td><tdclass=""marg-mob2""width=""40""></td></tr></table></td><tdclass=""marg-mob2""width=""40""></td></tr></table><!--ENDMESSAGE--><!--STARTPROXY--><tableborder=""0""cellpadding=""0""cellspacing=""0""width=""100%""style=""border-spacing:0;background-color:#FFFFFF;border-radius:0px!important;""bgcolor=""#FFFFFF""><tr><tdheight=""40""width=""100%""style=""font-size:40px;line-height:40px;border-radius:0px!important;"">&nbsp;</td></tr></table><tableclass=""one-column""border=""0""cellpadding=""0""cellspacing=""0""width=""100%""style=""border-spacing:0;background-color:#ffffff;font-family:'Montserrat',Arial,sans-serif;""bgcolor=""#ffffff""><tr><tdclass=""marg-mob2""width=""40""></td><tdstyle=""font-family:'Montserrat',Arial,sans-serif;font-size:16px;color:#414042;line-height:19px;text-align:left;font-weight:500;"">Unimprévu&nbsp;?<br/><br/>Unepersonnedevotrechoixpeutégalementretirervotrecolisenprésentant<strong>lePickupPass</strong>ou<strong>lecodederetrait</strong>,sinonildevraprésentersapièced’identitéainsiquelavôtre(lesphotocopiesnesontpasacceptées).</td><tdclass=""marg-mob2""width=""40""></td></tr></table><!--ENDPROXY--><!--ENDPROCESS--><!--=======ENDPROCESS=======--><!--=======STARTACCESS=======--><!--STARTACCESS--><tableborder=""0""cellpadding=""0""cellspacing=""0""width=""100%""style=""border-spacing:0;background-color:#FFFFFF;border-radius:0px!important;""bgcolor=""#FFFFFF""><tr><tdheight=""40""width=""100%""style=""font-size:40px;line-height:40px;border-radius:0px!important;"">&nbsp;</td></tr></table><tableclass=""one-column""border=""0""cellpadding=""0""cellspacing=""0""width=""100%""style=""color:#414042;border-spacing:0;background-color:#ffffff;font-family:'Montserrat',Arial,sans-serif;""bgcolor=""#ffffff""><tr><tdclass=""marg-mob2""width=""40""></td><tdstyle=""font-family:'Montserrat',Arial,sans-serif;font-size:28px;line-height:28px;text-align:left;"">VotrerelaisPickup</td><tdclass=""marg-mob2""width=""40""></td></tr></table><tableborder=""0""cellpadding=""0""cellspacing=""0""width=""100%""style=""border-spacing:0;background-color:#FFFFFF;border-radius:0px!important;""bgcolor=""#FFFFFF""><tr><tdheight=""30""width=""100%""style=""font-size:30px;line-height:30px;border-radius:0px!important;"">&nbsp;</td></tr></table><tablecellpadding=""0""cellspacing=""0""border=""0""width=""100%""style=""background-color:#ffffff;""bgcolor=""#ffffff""><tr><tdstyle=""padding-top:0;padding-bottom:0;padding-right:0;padding-left:0;text-align:center;font-size:0;""><!--[if(gtemso9)|(IE)]><tablecellpadding=""0""cellspacing=""0""border=""0""width=""100%""style=""border-spacing:0;font-family:Calibri,sans-serif;color:#333333;""><tr><tdwidth=""50%""valign=""top""style=""padding-top:0;padding-bottom:0;padding-right:0;padding-left:0;""><![endif]--><divclass=""column""style=""width:100%;max-width:320px;display:inline-block;vertical-align:top;direction:ltr;""><tablecellpadding=""0""cellspacing=""0""border=""0""width=""100%""style=""border-spacing:0;""><tr><tdclass=""inner""style=""padding-top:0;padding-bottom:30px;padding-right:30px;padding-left:30px;""><tablecellpadding=""0""cellspacing=""0""border=""0""class=""contents""style=""border-spacing:0;width:100%;font-family:'Montserrat',Arial,sans-serif;""bgcolor=""#ffffff""><tr><tdwidth=""30""class=""marg-mob-3""style=""text-align:left;padding:010px10px10px!important;vertical-align:top;""><imgsrc=""https://avn-webexternal.azureedge.net/avn-prod/ICO_CHR_LOCATION""width=""23""alt=""Flèche""style=""border-width:0;margin:0auto;""/></td><tdstyle=""font-family:'Montserrat',Arial,sans-serif;font-size:15px;color:#414042;line-height:18px;text-align:left;font-weight:500;"">RelaisParticulierchezTallone<BR>17RueJacquard<BR>69600OULLINSPIERREBENITE<BR></td></tr></table><tableborder=""0""cellpadding=""0""cellspacing=""0""width=""100%""style=""border-spacing:0;background-color:#FFFFFF;border-radius:0px!important;""bgcolor=""#FFFFFF""><tr><tdheight=""10""width=""100%""style=""font-size:10px;line-height:10px;border-radius:0px!important;"">&nbsp;</td></tr></table><tablecellpadding=""0""cellspacing=""0""border=""0""class=""contents""style=""border-spacing:0;width:100%;font-family:'Montserrat',Arial,sans-serif;""bgcolor=""#ffffff""><tr><tdwidth=""30""class=""marg-mob-3""style=""text-align:left;padding:10px""><imgsrc=""https://avn-webexternal.azureedge.net/avn-prod/PICTO_WELCO""width=""34""alt=""Welco""style=""border-width:0;margin:0auto;""/></td><tdstyle=""font-family:'Montserrat',Arial,sans-serif;font-size:15px;color:#414042;line-height:18px;text-align:left;font-weight:500;""><ahref=""https://tracking.network1.pickup.fr/tracking/1/click/rxZvABM1skc6s1NSsE3wYG9s004i7MjtHg9gEHVu5eqd4who7CcPzbTX74ljw_xOifm2F_7OkGjc2_rqkRXY36Mh4JojlGi_YHIAL31nlsgBaaynFqBHDSxjFyg9nMOiyomG1p_0FEU1tVVkEKOfWFCSRJnkHvMaZsp0omAB0S0WqDSiFYoqBTPqhfn4bqUaXZJ5Dy-cQpFksTExoH4yULeYs8BQK8HSTRpRG0nrHDal-3qK1OAvu3ybjJDk0uL5bYL7aarVKP5uWVLHjSOE6V1bbPoJE7IbQoyTofFjd1Lx-eSqQvrLh4fSiax5CGHEsvFMbv-DijQHlU7kqOqTLHiMTqYXqbTmeoHxsBuu8NepC-lEiW7u9fBqjoMeEtMWeYD6HNzIlkm2tL3h_6X5b5CrOG7isAxhGn4CVg02EOrk9cxK9LbaDiAjVLDlTtLWuioERurkSM8bzcF225zKvSm6d6RJSwbLMcYbbIeYfZOppshKVKsbwrj54Lx2k2o_6VA3M5Zw4r-8f_JRX8iEQTVunGK1g7T117-QQZXg3ejgOziqedVUIA0vJxOtzihj7nfEciwIadmhDw_oIm2vsMA-B7_SLNCFS2paWh0J6y45NcuUBeCr5IZhWn9tBwTVgOl0umVW9ocuPFAMOwXv6w==""target=""_blank""style=""color:#009ADF;text-decoration:underline;"">JEPRENDSRDV<br/>POURRETIRERMONCOLIS</a></td></tr></table><tableborder=""0""cellpadding=""0""cellspacing=""0""width=""100%""style=""border-spacing:0;background-color:#FFFFFF;border-radius:0px!important;""bgcolor=""#FFFFFF""><tr><tdheight=""30""width=""100%""style=""font-size:30px;line-height:30px;border-radius:0px!important;"">&nbsp;</td></tr></table><tablecellpadding=""0""cellspacing=""0""border=""0""class=""contents""style=""border-spacing:0;width:100%;font-family:'Montserrat',Arial,sans-serif;""bgcolor=""#ffffff""><tr><tdwidth=""30""class=""marg-mob-3""style=""text-align:left;padding:10px""></td><tdstyle=""font-family:'Montserrat',Arial,sans-serif;font-size:14px;color:#414042;line-height:16px;text-align:center;font-weight:400;border:1pxsolid#404241;border-radius:20px;padding:8px;""><atarget=""_blank""href=""https://tracking.network1.pickup.fr/tracking/1/click/q1NoGxWZJkq2iGRTJyhFRvV-YB-j3R3fRfO0Dgfr-eIQDQ6r3emBdAJh4hlT8d1PFe4VcydGTxA2rW8ts8xnOZjQ5FBQzebOpLH1zcpqNHSj5wWvNSWpb19ow6lQD-34UqXu3aiEG9KcetjQc91NChUsK8C7lLhSjk9eDRObK3phbmWRpk70pPM9Ohdv5N4AddYtyi0Hx1vq3TbawEgo2mfaaTchEnprxkYwiFlDwnLP0qi9xSTeOXl0DnR2VI1y_cgSjA1J3Oonvizv3ntBHy_9nSCB33YN0sbxG_IKyO5s386drTxEGiwG8LqVy9BZJnl1ifg9mwaN90VC7RV-GsyXwp4UIt6hnQuThdCM1JmbAe25vR-15eicrg2y2hFZJ8j8l01_UnP3ywE3lcPlpIhcjx2cO5mxNwoYs-6Hp0vEUpuUBpVhGJyjOt60N1EKavpEZHlb1UNERGWIZxX_DbME0qgEgIYUkW9Y5Bqz2fSsJZBxp4gcIzjzNrP0efhIwY2ob8_lkIGSoaW1NFBeSsDEMTs5trdnGCSGIGPMNImrrqIdNzNcwIU7H68IenltG1C4eiWz5Anq6fGzO57lD3Cm7w4julmu-Gc8jnh8u6HhhL9AKiQnPg3vqeT0x0D4""style=""color:#414042;text-decoration:none;"">Voirsurlacarte</a></td><tdwidth=""50""class=""marg-mob-3""style=""text-align:left;padding:10px""></td></tr></table></td></tr></table></div><!--[if(gtemso9)|(IE)]></td><tdwidth=""50%""valign=""top""style=""padding-top:0;padding-bottom:0;padding-right:0;padding-left:0;""><![endif]--><divclass=""column""style=""width:100%;max-width:320px;display:inline-block;vertical-align:top;direction:ltr;""><tablecellpadding=""0""cellspacing=""0""border=""0""width=""100%""style=""border-spacing:0;""><tr><tdclass=""inner""style=""padding-top:0;padding-bottom:0px;padding-right:30px;padding-left:30px;""><tablecellpadding=""0""cellspacing=""0""border=""0""class=""contents""style=""border-spacing:0;width:100%;font-family:'Montserrat',Arial,sans-serif;""bgcolor=""#ffffff""><tr><tdwidth=""30""class=""marg-mob-3""style=""text-align:left;padding:010px10px10px!important;vertical-align:top;""><imgsrc=""https://avn-webexternal.azureedge.net/avn-prod/ICO_CHR_CLOCK""width=""23""alt=""Flèche""style=""border-width:0;margin:0auto;""/></td><tdstyle=""font-family:'Montserrat',Arial,sans-serif;font-size:15px;color:#414042;line-height:18px;text-align:left;font-weight:500;""><strong>Horairesd&#8217;ouverture&nbsp;:</strong><br/><TABLEstyle=""margin:10px000;""align='center'><TR><TDstyle='width:45%!important;padding-right:5px;font-family:Montserrat,Arial,sans-serif;font-size:14px!important;color:#414042;line-height:18px;text-align:left;font-weight:500;mso-line-height-rule:exactly'vAlign=middlewidth=120align=left>lun.</TD><TDstyle='width:55%!important;font-family:Montserrat,Arial,sans-serif;font-size:14px!important;color:#414042;line-height:18px;text-align:center;font-weight:500;mso-line-height-rule:exactly;background-color:#eee;border-radius:10px;padding:4px7px;'vAlign=topalign=center>09:30-14:00/<br/>17:30-20:30</TD></TR><TR><TDstyle='FONT-SIZE:1px;HEIGHT:5px;LINE-HEIGHT:1px;'height=5colSpan=2>&nbsp;</TD></TR><TR><TDstyle='width:45%!important;padding-right:5px;font-family:Montserrat,Arial,sans-serif;font-size:14px!important;color:#414042;line-height:18px;text-align:left;font-weight:500;mso-line-height-rule:exactly'vAlign=middlewidth=120align=left>mar.</TD><TDstyle='width:55%!important;font-family:Montserrat,Arial,sans-serif;font-size:14px!important;color:#414042;line-height:18px;text-align:center;font-weight:500;mso-line-height-rule:exactly;background-color:#eee;border-radius:10px;padding:4px7px;'vAlign=topalign=center>10:45-16:00/<br/>18:30-20:30</TD></TR><TR><TDstyle='FONT-SIZE:1px;HEIGHT:5px;LINE-HEIGHT:1px;'height=5colSpan=2>&nbsp;</TD></TR><TR><TDstyle='width:45%!important;padding-right:5px;font-family:Montserrat,Arial,sans-serif;font-size:14px!important;color:#414042;line-height:18px;text-align:left;font-weight:500;mso-line-height-rule:exactly'vAlign=middlewidth=120align=left>mer.-jeu.</TD><TDstyle='width:55%!important;font-family:Montserrat,Arial,sans-serif;font-size:14px!important;color:#414042;line-height:18px;text-align:center;font-weight:500;mso-line-height-rule:exactly;background-color:#eee;border-radius:10px;padding:4px7px;'vAlign=topalign=center>09:30-14:00/<br/>17:30-20:30</TD></TR><TR><TDstyle='FONT-SIZE:1px;HEIGHT:5px;LINE-HEIGHT:1px;'height=5colSpan=2>&nbsp;</TD></TR><TR><TDstyle='width:45%!important;padding-right:5px;font-family:Montserrat,Arial,sans-serif;font-size:14px!important;color:#414042;line-height:18px;text-align:left;font-weight:500;mso-line-height-rule:exactly'vAlign=middlewidth=120align=left>ven.</TD><TDstyle='width:55%!important;font-family:Montserrat,Arial,sans-serif;font-size:14px!important;color:#414042;line-height:18px;text-align:center;font-weight:500;mso-line-height-rule:exactly;background-color:#eee;border-radius:10px;padding:4px7px;'vAlign=topalign=center>09:30-12:00/<br/>17:30-20:30</TD></TR><TR><TDstyle='FONT-SIZE:1px;HEIGHT:5px;LINE-HEIGHT:1px;'height=5colSpan=2>&nbsp;</TD></TR><TR><TDstyle='width:45%!important;padding-right:5px;font-family:Montserrat,Arial,sans-serif;font-size:14px!important;color:#414042;line-height:18px;text-align:left;font-weight:500;mso-line-height-rule:exactly'vAlign=middlewidth=120align=left>sam.</TD><TDstyle='width:55%!important;font-family:Montserrat,Arial,sans-serif;font-size:14px!important;color:#414042;line-height:18px;text-align:center;font-weight:500;mso-line-height-rule:exactly;background-color:#eee;border-radius:10px;padding:4px7px;'vAlign=topalign=center>09:30-14:00/<br/>17:30-20:30</TD></TR><TR><TDstyle='FONT-SIZE:1px;HEIGHT:5px;LINE-HEIGHT:1px;'height=5colSpan=2>&nbsp;</TD></TR><TR><TDstyle='width:45%!important;padding-right:5px;font-family:Montserrat,Arial,sans-serif;font-size:14px!important;color:#414042;line-height:18px;text-align:left;font-weight:500;mso-line-height-rule:exactly'vAlign=middlewidth=120align=left>dim.</TD><TDstyle='width:55%!important;font-family:Montserrat,Arial,sans-serif;font-size:14px!important;color:#414042;line-height:18px;text-align:center;font-weight:500;mso-line-height-rule:exactly;background-color:#eee;border-radius:10px;padding:4px7px;'vAlign=topalign=center>10:00-14:00/<br/>17:30-20:30</TD></TR><TR><TDstyle='FONT-SIZE:1px;HEIGHT:5px;LINE-HEIGHT:1px;'height=5colSpan=2>&nbsp;</TD></TR></TABLE><br/>Fermédu29/10/2025<br/>au30/11/2025</td></tr></table></td></tr></table></div><!--[if(gtemso9)|(IE)]></td></tr></table><![endif]--></td></tr></table><tableborder=""0""cellpadding=""0""cellspacing=""0""width=""100%""style=""border-spacing:0;background-color:#FFFFFF;border-bottom-left-radius:20px;border-bottom-right-radius:20px;""bgcolor=""#FFFFFF""><tr><tdheight=""10""width=""100%""style=""font-size:10px;line-height:10px;border-bottom-left-radius:20px;border-bottom-right-radius:20px;"">&nbsp;</td></tr></table><!--=======STARTMYCHRONOPOST=======--><tableborder=""0""cellpadding=""0""cellspacing=""0""width=""100%""style=""border-spacing:0;background-color:#F6F6F6;border-radius:0px!important;""bgcolor=""#F6F6F6""><tr><tdheight=""40""width=""100%""style=""font-size:40px;line-height:40px;border-radius:0px!important;"">&nbsp;</td></tr></table><!--=======ENDMYCHRONOPOST=======--><tableclass=""one-column""border=""0""cellpadding=""0""cellspacing=""0""width=""100%""style=""border-spacing:0;font-family:'Barlow',Arial,sans-serif;""><tr><tdwidth=""640""style=""font-size:0!important;line-height:0!important;border-radius:20px;""><atarget=""_blank""href=""https://tracking.network1.pickup.fr/tracking/1/click/dMhfYoJU4P6_QAyGxgMG-E1vQX3PWgxzfLQs_fiKgbYh7GEkJ-CcVqJa7MbIY4hCHk5pFqnzrZWHsP32jY_VahO2OdbKiPPJK6oO0t50UhLwZ7ewpWCQASFI4n7WTWcACMMtNXpD7N3Dn7jpcnJF5AA0dcq7mvfHXqulOBQhIqdLCrDJEZdJTy14v3RoVVRz8tSFLDOIw3osvKH8hxNzI6aYz4wgVsxHWNQ2qZ2lhFLF_znM9-Sw20Xrwz2g00-jgia3ZY-kyNTCoYpNSaBFbzxGfDaneawJJcri5DXPPAJZ4olxJRyyZDuSgWo_K3h3uVuLK6TrH0S-ZnmrYZyN9l7GeeeeURXJMMWDmKtizxFUVrssCscP-ZjHMV2wnoDsfLv-a5r-XV-FoJs0J3WOXuLqW6v1lBqT-reLsceons5cI74zcXcAVYMhwd-SHWxYXRwV-TigxmDSXaS8HjmxPmdB251CbR_l4VHxGXZAwekqUGMT89SuBNZ6ovYUGK-fGbEAUtDvYZyIyuBcll8Ra8UJTD3m9cF986_njiusMwTNv2lGPrs583IjsEw1QPjmnEctZGnqR5SdH3ixE9WYtrNQwbpfL-slc98Yl5596PClYWW1gimAmCbQymJJCuxR""><imgsrc=""https://avn-webexternal.azureedge.net/avn-prod/BANNER_MYCHRONOPOST""alt=""Parcelpoint""width=""640""style=""max-width:640px;width:100%;border-radius:20px!important;""/></a></td></tr></table><!--=======ENDACCESS=======--><!--=======STARTRSE=======--><tableborder=""0""cellpadding=""0""cellspacing=""0""width=""100%""style=""border-spacing:0;background-color:#F6F6F6;border-radius:0px!important;""bgcolor=""#F6F6F6""><tr><tdheight=""40""width=""100%""style=""font-size:40px;line-height:40px;border-radius:0px!important;"">&nbsp;</td></tr></table><tableclass=""one-column""border=""0""cellpadding=""0""cellspacing=""0""width=""100%""style=""border-spacing:0;max-width:640px;background-color:#009ADF;border-radius:20px;""bgcolor=""#009ADF;""><tr><tdclass=""marg-mob2""width=""40""></td><td><tableborder=""0""cellpadding=""0""cellspacing=""0""width=""100%""style=""border-spacing:0;background-color:#009ADF;border-radius:0px!important;""bgcolor=""#009ADF""><tr><tdheight=""30""width=""100%""style=""font-size:30px;line-height:30px;border-radius:0px!important;"">&nbsp;</td></tr></table><tableborder=""0""cellpadding=""0""cellspacing=""0""width=""100%""style=""border-spacing:0;font-family:'Montserrat',Arial,sans-serif;""><tr><tdstyle=""width:100%;font-family:'Montserrat',Arial,sans-serif;font-size:16px;color:#ffffff;line-height:19px;font-weight:500;text-align:center;"">Chronoposts'engage,auxcôtésdeGeopost,<brclass=""desktop-only"">àréduiredrastiquementlesémissionsdegazàeffetdeserre<brclass=""desktop-only"">pouratteindrezéroémissionnetted'icià2040</td></tr></table><tableborder=""0""cellpadding=""0""cellspacing=""0""width=""100%""style=""border-spacing:0;background-color:#009ADF;border-radius:0px!important;""bgcolor=""#009ADF""><tr><tdheight=""20""width=""100%""style=""font-size:20px;line-height:20px;border-radius:0px!important;"">&nbsp;</td></tr></table><tablealign=""center""border=""0""cellpadding=""0""cellspacing=""0""width=""100%""style=""border-spacing:0;background-color:#009ADF;""bgcolor=""#009ADF""><tbody><tr><tdalign=""center""><tablealign=""center""border=""0""cellpadding=""0""cellspacing=""0""style=""margin:0auto;border:1pxsolid#fff;border-radius:40px""><tr><td><tablealign=""center""width=""100%""border=""0""cellpadding=""0""cellspacing=""0""style=""margin:0auto;font-family:'Montserrat',Arial,sans-serif;""><tr><tdheight=""10""width=""100%""style=""font-size:10px;line-height:10px;"">&nbsp;</td></tr><tr><tdalign=""center""bgcolor=""#00A6E1""width=""220""style=""width:220px;""><ahref=""https://tracking.network1.pickup.fr/tracking/1/click/YlhGBmHftYMwjodQxoQE78ddbRft4RignQ9mCyEvhNVef3-UpPPPxLOvYeFtPTFBbgcE8saQGYjg8cWS0vhWqhkXP3Xnna0TZjT2gEhvOJWlbq5lqJsNQmNVEy6x0qLc4fmooJll9zZRFpH7o5svyAx1jyff2KRd-DbGP85QsIv3yBdei3Zubqv3bKjPSspkdRXVV_sAd2CsfdyMtRLVKPUAmZVsmRAxFOOB9xQh7-dToPvN1hOqIOdrtrdqHNIT6lVkS5fF7Hd2UkLMFxF0GHDCia8pCuiO5UTHtVSLSC5wd5Fpf20dQ_L9GDnSRvC2Zk04f7VSX_aXwTZmmm6G-MsTArOCLNAm00V_qmQ5dPVLOrlhM0UTpxycgZ6DOD3WMuaqYbeUsTT5Xyekl7h32dG0XBRCpw1-P_QIzwdigjzM-GPXY7zHFJ-bOyNXeBMkFaqmWfuPlSfX0wjy4UYqTktsDIGFnir17sfa3eCCeIPwFzYf7WrpZvOlYG0tyH6PgNsnZXv6huzM8AJEI8RcvZuYj81wlk4c7pND-JhNuVixrD7BCUEtbuEb6cpkLKncIyHab6vqgYFRJsSf-Ei13mvHx1odgUIifLxpCwzfDWA=""target=""_blank""style=""width:220px;display:block;text-decoration:none;border:0;text-align:center;font-size:16px;line-height:18px;font-family:'Montserrat',Arial,sans-serif;color:#ffffff;font-weight:400;background:#009ADF;padding:4px6px;"">ConsulteznotrepageRSE</a></td></tr><tr><tdheight=""10""width=""100%""style=""font-size:10px;line-height:10px;"">&nbsp;</td></tr></table></td></tr></table></td></tr></tbody></table><tableborder=""0""cellpadding=""0""cellspacing=""0""width=""100%""style=""border-spacing:0;background-color:#009ADF;border-radius:0px!important;""bgcolor=""#009ADF""><tr><tdheight=""30""width=""100%""style=""font-size:30px;line-height:30px;border-radius:0px!important;"">&nbsp;</td></tr></table></td><tdclass=""marg-mob2""width=""40""></td></tr></table><!--=======ENDRSE=======--><!--=======STARTFOOTER=======--><tableborder=""0""cellpadding=""0""cellspacing=""0""width=""100%""style=""border-spacing:0;background-color:#F6F6F6;border-radius:0px!important;""bgcolor=""#F6F6F6""><tr><tdheight=""40""width=""100%""style=""font-size:40px;line-height:40px;border-radius:0px!important;"">&nbsp;</td></tr></table><tableclass=""one-column""border=""0""cellpadding=""0""cellspacing=""0""width=""100%""style=""border-spacing:0;background-color:#f6f6f6;font-family:'Montserrat',Arial,sans-serif;""bgcolor=""#f6f6f6""><tr><tdwidth=""20""></td><tdstyle=""font-family:'Montserrat',Arial,sans-serif;font-size:11px;color:#808285;line-height:12px;text-align:center;font-weight:500;""><text>Pri&#232;redenepasr&#233;pondre&#224;cemessage.<br/><br/>&#169;Chronopost2025<br/>ChronopostSAScapitalde32632000&#8364;,3BoulevardRomainRolland75014Paris-RCSParis383960135<br/><br/>Chronoposttraitelesdonnéesrecueilliespourgérerl'acheminementdevotrecolisetvotrepreuvededépôt.<br/>Cliquezicipourensavoirplussurla<ahref=""https://tracking.network1.pickup.fr/tracking/1/click/YlhGBmHftYMwjodQxoQE7wnUFdANa1E3A09y6UBZK2d5Cha7GlQ31lFYBvAPEmQgoznBIEA1B_ulU1_EVDL7-W0NoO5R7d3P50epO0FSEBeAeY7VL2h6AQcqf8_0sZjK7jbKO73liYP8ctY6flb6Pag21J-tt_ITiFjYR32JM7PgL9QqNeWm0_blCJag4E-DProIL1-Y7ACpc1j9BEcevDABC1n-8Qh3TpWhD7Way69HtZXzLZeQaANIGAn1TmRuTfUSvfrsqATVTJMKzKBIQ4ci1eYac2Y7jQVK7HMf3FOKMwl2DphhLJyPl9qcvz6crwchamyvta40R14vA5vlDLmp5HzAm2WlYSfbkT_NYNjhtauo7mNiOsjiYvaM9IqROowVSkOJLfYQYlacVNVH0rsx13kSfo0Npwh262aTjwIL3opG0tlBD0o70BRxyXNuhSwlN4eoiSMy5QXCToKSR9UVm-30RsU3gxgb2nhYKxZ5dyIkIQPV9yK2xAPNCG5WF84WVzOdpWHc5X2iSBz_BRU46gDTk54chg9M-NCVopsTqOo2h7gpoXHwvwUhymDy3EMD2nb-s1_d_JjSqQWB36FeSg1i8IXGv1qb-R_g2Cak_1m3_IJggLS3jNgwkZLT""target=""_blank"">gestiondevosdonnées</a>et<ahref=""https://tracking.network1.pickup.fr/tracking/1/click/dSb599M26YwlknWjmYiHzqBVo8Peb8_q9Pt6KHysz1K0IIwVyK6KoEoTAE-kPwVrR98jPMsqdIW6J9-zX15P-B6yHLFCKg6XTUdybWAJ2FRt1IGa6sFjCNL4IdMhA-e6xf0OCzBPraonkTNfI33YnZ3Uh5UpnMfAR-DehL7vnF9hmHer82Vd4gWH-_wnfZQsvi8qtGNMYhdnC9sktPC-D_LIQg1midQIFzxNBLmUD603wocoFyU1O2eM2ZtRFXk6sfEZQMRYYcjFh_cDgG3exgjg-gfvDj-r-gBK4Ie5tilLEm_NTUhXFSzNbjmB1aUHUeAR4dzjd6pFC2NP_9Z06S5bxBNBFwiO66UiIoECuUXn3Q8ipcQupCKlSgU2Yz29MjyrBW_3JiA0lagkZsxkcPr7dTddvd2AXPRJ_4bhd7WrKucibaE4hbETXtHsl9j2T8JTBRWd3JZsxX0a2ayv_MNLSVtNnehl2NiPcMuYAQrEEmM96t2gMmwL1d_y3A_lU_iiLQo8fgA0exVyBOUkwreQ4VQ4uMPFIGzQIF6_6vExrUA7Dn9sQB1GAwiNV84GM_6x72XdtFYFdB6TpWU1VNKBz3IMHfQe1L7vLbHRh8pfyNelfIrdtxoxmMrEdZeY""target=""_blank"">vosdroits</a>.<br/><br/><br/>PICKUPSERVICES,sociétéparactionssimplifiée,aucapitalsocialde373.240euros,dontlesiègesocialestsitué66-68ruedesRosiers–93400Saint-Ouen,immatriculéeauRegistreduCommerceetdesSociétésdeBOBIGNYsouslenuméro432938710.<br/><br/>Pourplusd’informationsurnotrePolitiquedeprotectiondesdonnées,veuillezcliquersurleliensuivant:<atarget=""_blank""href=""https://tracking.network1.pickup.fr/tracking/1/click/dSb599M26YwlknWjmYiHzryaq-LhcPferX3o3y24bLSxn4XU_VTivjKxoB0GO8gwwLaYsiQOLF_F6Md90pFQhr70dMdp_qbVuckzqFKMMgNiZJwICCK3L6IO0fkp1mDu3_a-aI81E5lR5jXOgLO7cEHdsd8-cZCnSkzKjTs7fRGxkTLmPWjkZYwfrSvflHzPvpX8KFnbyQdsftHlDl4YkgVz8bLANQ5I1WcJAvBMjbX_M5PVI0dkAejHGqYW6WKNJCuRvwAj0r92SNmZahvkuaj_g57ZwobIgJ1_hRnP3hStWG4djxEKiQ3ot1EKwNVPphuHr1tRmJjGF-rdUcO9X3L7V4A8PMYHVzKKmMUg-ULOs-BCQT2YDd4XyUeVCP2huYpRqaNhk5FFYEPVtSL4nwvkCfOCiFTYk2PHVSQI8HnqKM-sd2ZLPDljwBq7PFsHo3JKN_xQSSzcTK5qaIubrFAuyB9-tw_AxNXT4HPe3cpZFrBnLsBEyAgKUE2IFm2ctgkrcqwcWGNmqOX13mkWlSMr3uVQcdtmBHeYsp5BEZaDRKyLH499o16mTOXPOTU-urFP7Nl6MFejOzWR4L56K87N82OXKkoSRkIEhh1aTEr1Oxkb33HLRvSzIZ0afYen"">https://www.pickup.fr/politique-de-confidentialite</a></text></td><tdwidth=""20""></td></tr></table><tableborder=""0""cellpadding=""0""cellspacing=""0""width=""100%""style=""border-spacing:0;background-color:#F6F6F6;border-radius:0px!important;""bgcolor=""#F6F6F6""><tr><tdheight=""40""width=""100%""style=""font-size:40px;line-height:40px;border-radius:0px!important;"">&nbsp;</td></tr></table></td></tr></table><!--[if(gtemso9)|(IE)]></td></tr></table><![endif]--></div></td></tr></table></center></body></html>","carrier
""chronopost""
(string)


createdAt
February 9, 2026 at 7:08:13 PM UTC+1
(timestamp)


labelUrl
null
(null)


lastEmailType
""pickup_ready""
(string)


orderNumber
null
(null)


pickupAddress
""3 Boulevard Romain Rolland 75014 Paris""
(string)


pickupDeadline
November 25, 2025 at 1:00:00 AM UTC+1
(timestamp)


productDescription
null
(null)


productName
null
(null)


provider
""gmail""
(string)


qrCode
""https://avisageng-colis-webexternal.pickup-services.com/api/barcode/AztecCode?d=PICKUPPASS:2.00:FR75938;XG346820932JB;;;;;;;;;;;;;;;;;;;;H;;;;;;692416""
(string)


recipientName
null
(null)


senderEmail
""Chronopost Pickup <chronopost@network1.pickup.fr>""
(string)


senderName
null
(null)


sourceEmailId
""iGIgmn9cTo8oAVDooDMP""
(string)


sourceName
""chronopost""
(string)


sourceType
""carrier""
(string)


status
""delivered""
(string)



statusHistory
(array)



0
(map)


emailType
""pickup_ready""
(string)


sourceEmailId
""iGIgmn9cTo8oAVDooDMP""
(string)


status
""delivered""
(string)


timestamp
February 9, 2026 at 7:08:13 PM UTC+1
(timestamp)


title
""CHRONOPOST - XG34682093""
(string)


trackingNumber
""XG346820932JB""
(string)


type
""purchase""
(string)


updatedAt
February 9, 2026 at 7:08:13 PM UTC+1
(timestamp)


userId
""3TsrGBvJR1QYPU7qItkHxcId03A3""
(string)


withdrawalCode
""Code""","carrier
""chronopost""
(string)


createdAt
February 9, 2026 at 7:08:13 PM UTC+1
(timestamp)


labelUrl
null
(null)


lastEmailType
""pickup_ready""
(string)


orderNumber
null
(null)


pickupAddress
Relais Particulier chez Tallone
17 Rue Jacquard
69600 OULLINS PIERRE BENITE


pickupDeadline
November 25, 2025 at 1:00:00 AM UTC+1
(timestamp)


productDescription
null
(null)


productName
null
(null)


provider
""gmail""
(string)


qrCode
""https://avisageng-colis-webexternal.pickup-services.com/api/barcode/AztecCode?d=PICKUPPASS:2.00:FR75938;XG346820932JB;;;;;;;;;;;;;;;;;;;;H;;;;;;692416""
(string)


recipientName
null
(null)


senderEmail
""Chronopost Pickup <chronopost@network1.pickup.fr>""
(string)


senderName
null
(null)


sourceEmailId
""iGIgmn9cTo8oAVDooDMP""
(string)


sourceName
""chronopost""
(string)


sourceType
""carrier""
(string)


status
""delivered""
(string)



statusHistory
(array)



0
(map)


emailType
""pickup_ready""
(string)


sourceEmailId
""iGIgmn9cTo8oAVDooDMP""
(string)


status
""delivered""
(string)


timestamp
February 9, 2026 at 7:08:13 PM UTC+1
(timestamp)


title
""CHRONOPOST - XG34682093""
(string)


trackingNumber
""XG346820932JB""
(string)


type
""purchase""
(string)


updatedAt
February 9, 2026 at 7:08:13 PM UTC+1
(timestamp)


userId
""3TsrGBvJR1QYPU7qItkHxcId03A3""
(string)


withdrawalCode
692416"
"<!doctype html>
<html xmlns=""http://www.w3.org/1999/xhtml"" xmlns:v=""urn:schemas-microsoft-com:vml"" xmlns:o=""urn:schemas-microsoft-com:office:office"">
 <head>
  <title>Votre colis 86000573 a été pris en charge</title>
  <!--[if !mso]>-->
  <meta http-equiv=""X-UA-Compatible"" content=""IE=edge"">
  <!--<![endif]-->
  <meta http-equiv=""Content-Type"" content=""text/html; charset=UTF-8"">
  <meta name=""viewport"" content=""width=device-width, initial-scale=1"">
  <link rel=""preconnect"" href=""https://fonts.googleapis.com"">
  <link rel=""preconnect"" href=""https://fonts.gstatic.com"" crossorigin>
  <link href=""https://fonts.googleapis.com/css2?family=Montserrat:wght@400;500;600;700&amp;display=swap"" rel=""stylesheet"">
  <style type=""text/css"">
        #outlook a {
            padding: 0;
        }

        .ReadMsgBody {
            width: 100%;
        }

        .ExternalClass {
            width: 100%;
        }

        .ExternalClass * {
            line-height: 100%;
        }

        body {
            margin: 0;
            padding: 0;
            -webkit-text-size-adjust: 100%;
            -ms-text-size-adjust: 100%;
        }

        table,
        td {
            border-collapse: collapse;
            mso-table-lspace: 0pt;
            mso-table-rspace: 0pt;
        }

        img {
            border: 0;
            height: auto;
            line-height: 100%;
            outline: none;
            text-decoration: none;
            -ms-interpolation-mode: bicubic;
        }

        p {
            display: block;
        }

        .centered {
            position: absolute;
            top: 50%;
            left: 50%;
            transform: translate(-50%, -50%);
        }

        .loader {
            width: 75%;
            height: 20px;
            border-radius: 10px;
        }
    </style>
  <!--[if !mso]><!-->
  <style type=""text/css"">
        @media only screen and (max-width:480px) {
            @-ms-viewport {
                width: 320px;
            }

            @viewport {
                width: 320px;
            }
        }
    </style>
  <!--<![endif]-->
  <!--[if mso]>
          <xml>
          <o:OfficeDocumentSettings>
            <o:AllowPNG/>
            <o:PixelsPerInch>96</o:PixelsPerInch>
          </o:OfficeDocumentSettings>
          </xml>
          <![endif]-->
  <!--[if lte mso 11]>
          <style type=""text/css"">
            .outlook-group-fix { width:100% !important; }
          </style>
          <![endif]-->
  <style type=""text/css"">
        @media only screen and (min-width:480px) {
            .mj-column-per-100 {
                width: 100% !important;
                max-width: 100%;
            }

            .mj-column-per-50 {
                width: 50% !important;
                max-width: 50%;
            }
        }
    </style>
  <style type=""text/css"">
        @media only screen and (max-width:480px) {
            table.full-width-mobile {
                width: 100% !important;
            }

            td.full-width-mobile {
                width: auto !important;
            }
        }
    </style>
 </head>
 <body style=""background-color:#ffffff;background:#ffffff;"">
  <div style=""margin: 0px auto; max-width: 600px; background-color: #ffffff; background: #ffffff; font-family: 'Montserrat';"">
   <!-- Header -->
   <!--[if mso | IE]>
        <table align=""center"" border=""0"" cellpadding=""0"" cellspacing=""0"" class="""" style=""width:600px;"" width=""600"">
        <tr>
            <td style=""line-height:0px;font-size:0px;mso-line-height-rule:exactly;"">
        <![endif]-->
   <table align=""center"" border=""0"" cellpadding=""0"" cellspacing=""0"" role=""prise en charge"" width=""100%"" background-color=""#fff"" style=""background-color:#fff;background:#fff; width: 100%;"">
    <tbody>
     <tr>
      <td style=""padding:25px""><a href=""https://notification.mondialrelay.fr/c?q=lbCvCEfjtSFQwJjncP3Nkren2gCNaHR0cHM6Ly93d3cubW9uZGlhbHJlbGF5LmZyP3V0bV9zb3VyY2U9VHJhbnNhY3Rpb25hbEVtYWlsJnV0bV9tZWRpdW09RW1haWwmdXRtX2NvbnRlbnQ9Z2VuLXByZXV2ZWRlZGVwb3QtbXItZnImdXRtX2NhbXBhaWduPU5vdGlmaWNhdGlvbkNvbGlzrF1j9XyZMggWf0alhaxpNGNAt5gVJ7HKGfO8bm90aWZpY2F0aW9uLm1vbmRpYWxyZWxheS5mcg"" target=""_blank""> <img src=""https://medias.mondialrelay.com/mailing/assets/mr/mr-logo-header.png"" style=""border: 0; display: block; outline: none; text-decoration: none; height: auto; max-height: 80px; max-width: 120px"" align=""left""> </a></td>
      <td style=""padding:25px""><img alt="""" src=""https://medias.mondialrelay.com/images/template/logos-client/none.jpg"" style=""border: 0; display: block; outline: none; text-decoration: none; max-height: 80px; max-width: 120px"" align=""right""></td>
     </tr>
    </tbody>
   </table>
   <!---->
   <!--[if mso | IE]>
            </td>
          </tr>
        </table>

        <table align=""center"" border=""0"" cellpadding=""0"" cellspacing=""0"" class="""" style=""width:600px;"" width=""600"">
          <tr>
            <td style=""line-height:0px;font-size:0px;mso-line-height-rule:exactly;"">
        <![endif]-->
   <table align=""center"" border=""0"" cellpadding=""0"" cellspacing=""0"" role=""prise en charge"" width=""100%"" background-color=""#fff"" style=""background-color: #fff; background: #fff; width: 100%; margin: 0px auto 10px auto; font-family: 'Montserrat', Helvetica, Verdana, sans-serif;"">
    <tbody>
     <tr>
      <td colspan=""2""><img src=""https://medias.mondialrelay.com/mailing/assets/png/header-top.png"" style=""width: 100%; vertical-align: bottom;""></td>
     </tr>
     <tr></tr>
     <tr style=""background-color: #ff5c84; background-size: 100% 100%;"">
      <td colspan=""2"" style="" padding: 45px 20px; vertical-align: middle;"" align=""center""><img src=""https://medias.mondialrelay.com/mailing/assets/mr/header-icon-1.png"" alt="""" height=""44"" width=""43"" style=""display: block; margin: 0 auto;"">
       <p style=""font-weight: 400; font-size: 18px; text-align: center; color: #fff; margin: 18px 0px 25px 0px;"">Votre colis <strong>a été pris en charge</strong></p></td>
     </tr>
     <tr>
      <td colspan=""2""><img src=""https://medias.mondialrelay.com/mailing/assets/png/header-bottom.png"" style=""width: 100%; vertical-align: bottom;""></td>
     </tr>
    </tbody>
   </table>
   <table align=""center"" border=""0"" cellpadding=""0"" cellspacing=""0"" role=""prise en charge"" width=""100%"" background-color=""#fff"" style=""background-color: #fff; background: #fff; width: 100%; margin: 10px auto 10px auto; font-family: 'Montserrat', Helvetica, Verdana, sans-serif;"">
    <tbody>
     <tr>
      <td>
       <h3 style=""text-align: center; color: #4C4C4C; font-size: 20px; font-weight: 700; line-height: 22px;"">Bonjour Amira</h3>
      </td>
     </tr>
     <tr>
      <td>
       <p style=""text-align: center; color: #000000; font-size: 12px; margin: 0px 20px;"">Votre colis 86000573 a bien été déposé le 06/12/2025
        <br>
        <strong> au Point Relais<sup>®</sup> N&amp;H </strong>- 1 Place Anatole France
        <br>
        69600 Oullins-Pierre-Bénite
        <br>
        <br>
        Votre colis sera livré au plus vite.</p>
      </td>
     </tr>
    </tbody>
   </table>
   <table align=""center"" border=""0"" cellpadding=""0"" cellspacing=""0"" role=""prise en charge"" width=""100%"" background-color=""#fff"" style=""background-color: #fff; background: #fff; width: 100%; margin: 10px auto 10px auto; font-family: 'Montserrat', Helvetica, Verdana, sans-serif;"">
    <tbody>
     <tr>
      <td align=""center"" style=""padding: 10px 0px""><a style=""background-color: #96154A; border-radius: 5px; padding: 10px 20px; border: none; color: #fff; font-weight: 700; font-size: 12px; cursor: pointer; text-decoration: none"" href=""https://notification.mondialrelay.fr/c?q=lbBbbH5J9dID0zvU61TUQsCy2gDfaHR0cHM6Ly93d3cubW9uZGlhbHJlbGF5LmNvbS9wdWJsaWMvcGVybWFuZW50L25vdGlmaWNhdGlvbi5hc3B4P2Vucz1WMlZJTlRGUiZleHA9ODYwMDA1NzMmcGF5cz1GUiZsYW5ndWFnZT1mciZ1dG1fc291cmNlPVRyYW5zYWN0aW9uYWxFbWFpbCZ1dG1fbWVkaXVtPUVtYWlsJnV0bV9jb250ZW50PWdlbi1wcmV1dmVkZWRlcG90LW1yLWZyJnV0bV9jYW1wYWlnbj1Ob3RpZmljYXRpb25Db2xpc6xdY_V8mTIIFn9GpYWsaTRjQLeYFSexyhnzvG5vdGlmaWNhdGlvbi5tb25kaWFscmVsYXkuZnI""> Suivre mon colis <img src=""https://medias.mondialrelay.com/mailing/assets/mr/arrow-right-solid.png"" alt="""" style=""margin-left: 5px""> </a></td>
     </tr>
    </tbody>
   </table>
   <table align=""center"" border=""0"" cellpadding=""0"" cellspacing=""0"" role=""prise en charge"" width=""100%"" background-color=""#fff"" style=""background-color: #fff; background: #fff; width: 100%; margin: 10px auto 10px auto; font-family: 'Montserrat', Helvetica, Verdana, sans-serif;"">
    <tbody>
     <tr>
      <td align=""center"" style=""padding: 10px 0px""><img src=""https://medias.mondialrelay.com/mailing/assets/mr/prise_en_charge.png""></td>
     </tr>
    </tbody>
   </table>
   <!--[if mso | IE]>
      </td>
    </tr>
  </table>

  <table align=""center"" border=""0"" cellpadding=""0"" cellspacing=""0"" class="""" style=""width:600px;"" width=""600"">
    <tr>
      <td style=""line-height:0px;font-size:0px;mso-line-height-rule:exactly;"">
  <![endif]-->
   <table align=""center"" border=""0"" cellpadding=""0"" cellspacing=""0"" role=""prise en charge"" width=""100%"" background-color=""#fff"" style=""background-color: #fff; background: #fff; width: 100%; margin: auto; margin-top: 20px; font-family: 'Montserrat', Helvetica, Verdana, sans-serif;"">
    <tbody>
     <tr>
      <td>
       <p style=""color: #4c4c4c; font-size: 12px; text-align: center; margin: 3px 30px"">Cet email constitue <strong>votre preuve de dépôt. </strong>Gardez-le précieusement le temps de l’acheminement de votre colis.</p>
      </td>
     </tr>
    </tbody>
   </table>
   <table align=""center"" border=""0"" cellpadding=""0"" cellspacing=""0"" role=""prise en charge"" width=""100%"" background-color=""#fff"" style=""background-color: #fff; background: #fff; width: 100%; font-family: 'Montserrat', Helvetica, Verdana, sans-serif;"">
    <tbody>
     <tr style=""background-color: transparent; text-align: center; color: #4C4C4C; font-size: 12px;"">
      <td style="" padding: 0px 35px 30px 35px;"" colspan=""2"">
       <p style=""font-weight: 400"">Merci de votre confiance et à très vite pour d’autres colis !</p>
       <p style=""font-weight: 700"">L’équipe Mondial Relay</p>
      </td>
     </tr>
    </tbody>
    <tbody style=""background-color: #FCE6E9;"">
     <tr style=""background-color: #FCE6E9; font-family: 'Montserrat', Helvetica, Verdana, sans-serif;"">
      <td colspan=""2"" style=""font-family: 'Montserrat', Helvetica, Verdana, sans-serif;"">
       <p style=""font-size: 11.2px; text-align: center; margin: 25px 50px 0px; font-family: 'Montserrat', Helvetica, Verdana, sans-serif;"">Téléchargez l’application Mondial Relay pour suivre tous vos colis en temps réel.</p>
      </td>
     </tr>
     <tr style=""background-color: #FCE6E9;"">
      <td align=""right"" style=""padding: 10px""><a href=""https://notification.mondialrelay.fr/c?q=lbAuI8bIZs_MU1LQs7OTE6nM2gC3aHR0cHM6Ly9wbGF5Lmdvb2dsZS5jb20vc3RvcmUvYXBwcy9kZXRhaWxzP2lkPWNvbS5tb25kaWFscmVsYXkubW9iaWxlJnV0bV9zb3VyY2U9VHJhbnNhY3Rpb25hbEVtYWlsJnV0bV9tZWRpdW09RW1haWwmdXRtX2NvbnRlbnQ9Z2VuLXByZXV2ZWRlZGVwb3QtbXItZnImdXRtX2NhbXBhaWduPU5vdGlmaWNhdGlvbkNvbGlzrF1j9XyZMggWf0alhaxpNGNAt5gVJ7HKGfO8bm90aWZpY2F0aW9uLm1vbmRpYWxyZWxheS5mcg""> <img style=""width: 100px; height: 30px;"" src=""https://medias.mondialrelay.com/mailing/assets/mr/logo-androidstore.png"" alt=""""> </a></td>
      <td align=""left"" style=""padding: 10px;""><a href=""https://notification.mondialrelay.fr/c?q=lbBfOf32HYM7jJ5_Sv7UBY8G2gCqaHR0cHM6Ly9hcHBzLmFwcGxlLmNvbS9mci9hcHAvbW9uZGlhbC1yZWxheS9pZDE2MzMwNjA1OTk_dXRtX3NvdXJjZT1UcmFuc2FjdGlvbmFsRW1haWwmdXRtX21lZGl1bT1FbWFpbCZ1dG1fY29udGVudD1nZW4tcHJldXZlZGVkZXBvdC1tci1mciZ1dG1fY2FtcGFpZ249Tm90aWZpY2F0aW9uQ29saXOsXWP1fJkyCBZ_RqWFrGk0Y0C3mBUnscoZ87xub3RpZmljYXRpb24ubW9uZGlhbHJlbGF5LmZy""> <img style=""width: 100px; height: 30px;"" src=""https://medias.mondialrelay.com/mailing/assets/mr/logo-appstore.png"" alt=""""> </a></td>
     </tr>
     <tr>
      <td colspan=""2""><img src=""https://medias.mondialrelay.com/mailing/assets/mr/footer-top-1.png"" alt="""" style=""width: 100%; vertical-align: bottom;  margin-top: 15px;""></td>
     </tr>
     <tr style=""background-color: #F6ABB6;"">
      <td colspan=""2"" align=""center"" style=""margin: 0px; padding: 20px 0px 0px 0px;""><img src=""https://medias.mondialrelay.com/mailing/assets/mr/mr-logo-footer.png"" alt="""" style=""display: block; margin: auto; height: 33px; padding: 5px 0px 0px 0px;""></td>
     </tr>
     <tr style=""background-color: #F6ABB6;"">
      <td colspan=""2"">
       <p style=""text-align: center; font-weight: 700; font-size: 11px; color: #96154A;"">Un sourire à chaque coin de rue</p>
      </td>
     </tr>
     <tr>
      <td colspan=""2"" align=""center"" style=""background-color: #F6ABB6;""><a href=""https://notification.mondialrelay.fr/c?q=lbCvCEfjtSFQwJjncP3Nkren2gCNaHR0cHM6Ly93d3cubW9uZGlhbHJlbGF5LmZyP3V0bV9zb3VyY2U9VHJhbnNhY3Rpb25hbEVtYWlsJnV0bV9tZWRpdW09RW1haWwmdXRtX2NvbnRlbnQ9Z2VuLXByZXV2ZWRlZGVwb3QtbXItZnImdXRtX2NhbXBhaWduPU5vdGlmaWNhdGlvbkNvbGlzrF1j9XyZMggWf0alhaxpNGNAt5gVJ7HKGfO8bm90aWZpY2F0aW9uLm1vbmRpYWxyZWxheS5mcg"" style="" padding: 0px 0px 25px 0px; background-color: #F6ABB6; text-align: center; font-weight: 400; font-size: 10px; margin: auto; display: block; color: #96154A;""> www.mondialrelay.fr </a></td>
     </tr>
    </tbody>
   </table>
   <script type=""application/ld+json"">
    {
    ""@context"": ""http://schema.org"",
    ""@type"": ""ParcelDelivery"",
    ""deliveryAddress"": {
    ""@type"": ""PostalAddress"",
    ""name"": ""CARREFOUR EXPRESS"",
    ""streetAddress"": ""186 Boulevard Elisabeth Boselli"",
    ""addressLocality"": ""Angers"",
    ""addressRegion"": """",
    ""addressCountry"": ""FR"",
    ""postalCode"": ""49100""
    },
    ""originAddress"": {
    ""@type"": ""PostalAddress"",
    ""name"": """",
    },
    ""expectedArrivalFrom"": ""2025-12-06T18:09:00+02:00"",
    ""expectedArrivalUntil"": ""2025-12-06T18:09:00+02:00"",
    ""carrier"": {
    ""@type"": ""Organization"",
    ""name"": ""Mondial Relay"",
    ""url"": ""https://www.mondialrelay.fr""
    },
    ""trackingNumber"": ""RelaisCodePays"",
    ""trackingUrl"": ""https://www.mondialrelay.com/public/permanent/notification.aspx?ens&#x3D;V2VINTFR&amp;exp&#x3D;86000573&amp;pays&#x3D;FR&amp;language&#x3D;fr"",
    ""potentialAction"": {
    ""@type"": ""TrackAction"",
    ""url"": ""https://www.mondialrelay.com/public/permanent/notification.aspx?ens&#x3D;V2VINTFR&amp;exp&#x3D;86000573&amp;pays&#x3D;FR&amp;language&#x3D;fr""
    },
    ""hasDeliveryMethod"": {
    ""@type"": ""ParcelService"",
    ""name"": ""http://schema.org/ParcelService""
    },
    ""partOfOrder"": {
    ""@type"": ""Order"",
    ""orderNumber"": """",
    ""merchant"": {
    ""@type"": ""Organization"",
    ""name"": """",
    ""sameAs"": ""http://www.freebase.com/m/0fhkx""
    },
    ""orderStatus"": ""https://schema.org/OrderPickupAvailable""
    }
    }
</script>
   <!-- Footer -->
   <!--[if mso | IE]>
            </td>
            </tr>
        </table>

        <table align=""center"" border=""0"" cellpadding=""0"" cellspacing=""0"" class="""" style=""width:600px;"" width=""600"">
            <tr>
            <td style=""line-height:0px;font-size:0px;mso-line-height-rule:exactly;"">
        <![endif]-->
   <table align=""center"" border=""0"" cellpadding=""0"" cellspacing=""0"" role=""prise en charge"" width=""100%"" background-color=""#fff"" style=""background-color: #fff; background: #fff; width: 100%; font-family: 'Montserrat', Helvetica, Verdana, sans-serif;"">
    <tbody>
     <tr style=""background-color: #FCE6E9;"">
      <td style=""padding: 20px 0px 0px;"" colspan=""2"" align=""center""><a href=""https://notification.mondialrelay.fr/c?q=lbCILhcYFy3EXSwWiwalhDx22gCYaHR0cHM6Ly93d3cuZmFjZWJvb2suY29tL01vbmRpYWxSZWxheS8_dXRtX3NvdXJjZT1UcmFuc2FjdGlvbmFsRW1haWwmdXRtX21lZGl1bT1FbWFpbCZ1dG1fY29udGVudD1nZW4tcHJldXZlZGVkZXBvdC1tci1mciZ1dG1fY2FtcGFpZ249Tm90aWZpY2F0aW9uQ29saXOsXWP1fJkyCBZ_RqWFrGk0Y0C3mBUnscoZ87xub3RpZmljYXRpb24ubW9uZGlhbHJlbGF5LmZy"" style=""Margin: 10px 0px ;  Margin-right: 25px;""><img src=""https://medias.mondialrelay.com/mailing/assets/mr/facebook-footer.png"" width=""23"" height=""23"" alt=""""></a> <a href=""https://notification.mondialrelay.fr/c?q=lbAc4j6ubOHEPhmgRTSqT4Bm2gCYaHR0cHM6Ly93d3cudGlrdG9rLmNvbS9AbW9uZGlhbHJlbGF5ZnI_dXRtX3NvdXJjZT1UcmFuc2FjdGlvbmFsRW1haWwmdXRtX21lZGl1bT1FbWFpbCZ1dG1fY29udGVudD1nZW4tcHJldXZlZGVkZXBvdC1tci1mciZ1dG1fY2FtcGFpZ249Tm90aWZpY2F0aW9uQ29saXOsXWP1fJkyCBZ_RqWFrGk0Y0C3mBUnscoZ87xub3RpZmljYXRpb24ubW9uZGlhbHJlbGF5LmZy"" style=""margin: 10px 0px ; margin-right: 25px;""><img src=""https://medias.mondialrelay.com/mailing/assets/mr/tiktok.png"" width=""27px"" height=""27px"" alt=""""></a> <a href=""https://notification.mondialrelay.fr/c?q=lbDXbdma3MEfuwDDSxkbkfdb2gCbaHR0cHM6Ly93d3cuaW5zdGFncmFtLmNvbS9tb25kaWFscmVsYXlmci8_dXRtX3NvdXJjZT1UcmFuc2FjdGlvbmFsRW1haWwmdXRtX21lZGl1bT1FbWFpbCZ1dG1fY29udGVudD1nZW4tcHJldXZlZGVkZXBvdC1tci1mciZ1dG1fY2FtcGFpZ249Tm90aWZpY2F0aW9uQ29saXOsXWP1fJkyCBZ_RqWFrGk0Y0C3mBUnscoZ87xub3RpZmljYXRpb24ubW9uZGlhbHJlbGF5LmZy"" style=""margin: 10px 0px ; margin-right: 25px;""><img src=""https://medias.mondialrelay.com/mailing/assets/mr/instagram.png"" width=""27px"" height=""27px"" alt=""""></a> <a href=""https://notification.mondialrelay.fr/c?q=lbCAHCpEU5Kj16ib-iOQBxTv2gCSaHR0cHM6Ly90d2l0dGVyLmNvbS9tb25kaWFscmVsYXk_dXRtX3NvdXJjZT1UcmFuc2FjdGlvbmFsRW1haWwmdXRtX21lZGl1bT1FbWFpbCZ1dG1fY29udGVudD1nZW4tcHJldXZlZGVkZXBvdC1tci1mciZ1dG1fY2FtcGFpZ249Tm90aWZpY2F0aW9uQ29saXOsXWP1fJkyCBZ_RqWFrGk0Y0C3mBUnscoZ87xub3RpZmljYXRpb24ubW9uZGlhbHJlbGF5LmZy"" style=""margin: 10px 0px ;margin-right: 25px; ""><img src=""https://medias.mondialrelay.com/mailing/assets/mr/twitter.png"" width=""27px"" height=""27px"" alt=""""></a> <a href=""https://notification.mondialrelay.fr/c?q=lbASnRaXztN43DB-22oXpnye2gCfaHR0cHM6Ly9mci5saW5rZWRpbi5jb20vY29tcGFueS9tb25kaWFsLXJlbGF5P3V0bV9zb3VyY2U9VHJhbnNhY3Rpb25hbEVtYWlsJnV0bV9tZWRpdW09RW1haWwmdXRtX2NvbnRlbnQ9Z2VuLXByZXV2ZWRlZGVwb3QtbXItZnImdXRtX2NhbXBhaWduPU5vdGlmaWNhdGlvbkNvbGlzrF1j9XyZMggWf0alhaxpNGNAt5gVJ7HKGfO8bm90aWZpY2F0aW9uLm1vbmRpYWxyZWxheS5mcg"" style=""margin: 10px 0px ; ""><img src=""https://medias.mondialrelay.com/mailing/assets/mr/linkedin.png"" width=""27px"" height=""27px"" alt=""""></a></td>
     </tr>
     <!--NE PAS OUBLIER D'AJOUTER LOGOS : tikotk / ig / linkedin -->
     <tr style=""background-color: #FCE6E9;"">
      <td colspan=""2"" align=""center""><a href=""https://notification.mondialrelay.fr/c?q=lbDPd7rbwWvGbpeFsr5YzSMS2gCsaHR0cHM6Ly93d3cuYXZpcy12ZXJpZmllcy5jb20vYXZpcy1jbGllbnRzL21vbmRpYWxyZWxheS5mcj91dG1fc291cmNlPVRyYW5zYWN0aW9uYWxFbWFpbCZ1dG1fbWVkaXVtPUVtYWlsJnV0bV9jb250ZW50PWdlbi1wcmV1dmVkZWRlcG90LW1yLWZyJnV0bV9jYW1wYWlnbj1Ob3RpZmljYXRpb25Db2xpc6xdY_V8mTIIFn9GpYWsaTRjQLeYFSexyhnzvG5vdGlmaWNhdGlvbi5tb25kaWFscmVsYXkuZnI""> <img src=""https://medias.mondialrelay.com/images/template/avisVerifies-logo.png"" alt="""" style=""display: block; margin : 10px auto"" width=""100""> </a></td>
     </tr>
     <tr style=""background-color: #FCE6E9;"">
      <td colspan=""2"" style=""padding: 12px 15px; font-size: 10px; text-align: justify; font-weight:400; padding-bottom: 35px;"">
       <p>MONDIAL RELAY est responsable du traitement de vos données à caractère personnel.
        <br>
        Vous recevez ce mail car nous collectons vos données dans le cadre du transport, de la gestion et du suivi de la livraison de votre colis. Conformément à la réglementation nationale et européenne en vigueur, vous disposez d’un droit d’accès, de rectification, de portabilité et de suppression de vos données à caractère personnel, et d’un droit de limitation et d’opposition aux traitements de celles-ci, en nous contactant par mail à dpo@mondialrelay.fr ou par courrier à Mondial Relay - Direction Juridique – 1 avenue de l’Horizon 59650 Villeneuve d’Ascq. Pour en savoir plus, consultez notre politique de confidentialité <a href=""https://notification.mondialrelay.fr/c?q=lbCUov1x9nLNrPTwf01T_3sY2gCfaHR0cHM6Ly9tb25kaWFscmVsYXkuZnIvZG9ubmVlcy1wZXJzb25uZWxsZXMvP3V0bV9zb3VyY2U9VHJhbnNhY3Rpb25hbEVtYWlsJnV0bV9tZWRpdW09RW1haWwmdXRtX2NvbnRlbnQ9Z2VuLXByZXV2ZWRlZGVwb3QtbXItZnImdXRtX2NhbXBhaWduPU5vdGlmaWNhdGlvbkNvbGlzrF1j9XyZMggWf0alhaxpNGNAt5gVJ7HKGfO8bm90aWZpY2F0aW9uLm1vbmRpYWxyZWxheS5mcg"" style=""color: #96154A"">mondialrelay.fr</a> .</p>
      </td>
     </tr>
    </tbody>
   </table>
  </div>
  <img src=""https://notification.mondialrelay.fr/o?q=kqxdY_V8mTIIFn9GpYWsaTRjQLeYFSexyhnz"" alt="""" width=""1"" height=""1"">
 </body>
</html>","carrier
""mondial_relay""
(string)


createdAt
February 9, 2026 at 7:08:02 PM UTC+1
(timestamp)


labelUrl
null
(null)


lastEmailType
""shipped""
(string)


orderNumber
null
(null)


pickupAddress
""H - 1 Place Anatole France 69600 Oullins""
(string)


pickupDeadline
December 6, 2025 at 1:00:00 AM UTC+1
(timestamp)


productDescription
null
(null)


productName
null
(null)


provider
""gmail""
(string)


qrCode
null
(null)


recipientName
null
(null)


senderEmail
""Mondial Relay <noreply@mondialrelay.fr>""
(string)


senderName
null
(null)


sourceEmailId
""GUjQqJAyobtLpbd3tvk9""
(string)


sourceName
""mondial_relay""
(string)


sourceType
""carrier""
(string)


status
""in_transit""
(string)



statusHistory
(array)



0
(map)


emailType
""shipped""
(string)


sourceEmailId
""GUjQqJAyobtLpbd3tvk9""
(string)


status
""in_transit""
(string)


timestamp
February 9, 2026 at 7:08:02 PM UTC+1
(timestamp)


title
""Achat Vinted""
(string)


trackingNumber
""86000573""
(string)


type
""purchase""
(string)


updatedAt
February 9, 2026 at 7:08:02 PM UTC+1
(timestamp)


userId
""3TsrGBvJR1QYPU7qItkHxcId03A3""
(string)


withdrawalCode
null","carrier
""mondial_relay""
(string)


createdAt
February 9, 2026 at 7:08:02 PM UTC+1
(timestamp)


labelUrl
null
(null)


lastEmailType
""shipped""
(string)


orderNumber
null
(null)


pickupAddress
y a pas de pickup adress par ce que c'est moi qui a envoyé ce colis


pickupDeadline
Je ne sais pas par ce que ce n'est pas moi qui va le récupérer mais c'est moi et ma femme ont déposé ce colis


productDescription
null
(null)


productName
null
(null)


provider
""gmail""
(string)


qrCode
null
(null)


recipientName
null
(null)


senderEmail
""Mondial Relay <noreply@mondialrelay.fr>""
(string)


senderName
null
(null)


sourceEmailId
""GUjQqJAyobtLpbd3tvk9""
(string)


sourceName
""mondial_relay""
(string)


sourceType
""carrier""
(string)


status
""in_transit""
(string)



statusHistory
(array)



0
(map)


emailType
""shipped""
(string)


sourceEmailId
""GUjQqJAyobtLpbd3tvk9""
(string)


status
""in_transit""
(string)


timestamp
February 9, 2026 at 7:08:02 PM UTC+1
(timestamp)


title
""Achat Vinted""
(string)


trackingNumber
""86000573""
(string)


type
""SELL, expédition""
(string)


updatedAt
February 9, 2026 at 7:08:02 PM UTC+1
(timestamp)


userId
""3TsrGBvJR1QYPU7qItkHxcId03A3""
(string)


withdrawalCode
null"